year,sp,id,sex,marked,lifespan,cop,tbl,abl,thorl,thorw,fwl,hwl
2011,CS,6_7_csf10,Female,2011-6-7,3,0,46.78,36.9,3.65,4.19,33.95,32.91
2011,CS,7_1_csf42,Female,2011-7-1,5,0,46.41,36.73,3.88,4.04,32.62,30.88
2011,CS,7_1_csf27,Female,2011-7-1,6,0,44.52,35.07,3.65,4.02,32.82,31.24
2011,CS,7_1_csf4,Female,2011-7-1,8,0,44.81,35.24,4.02,4.13,32.84,31.35
2011,CS,6_14_csf1,Female,2011-6-14,2,1,45.71,35.25,4.02,4.12,33.82,32.66
2011,CS,6_21_csf10,Female,2011-6-21,1,0,44.83,36.02,4.22,4.07,33.49,31.8
2011,CS,6_21_csf14,Female,2011-6-21,1,0,44.55,35.11,3.93,3.79,32.2,30.35
2011,CS,6_21_csf2,Female,2011-6-21,14,0,45.66,35.94,4.01,3.94,31.74,30.54
2011,CS,7_9_csf43,Female,2011-7-9,1,1,44.81,35.44,3.79,3.92,32.57,31.11
2011,CS,6_27_csf24,Female,2011-6-27,0,0,43.99,34.56,3.86,3.97,32.21,30.68
2011,CS,6_28_csf23,Female,2011-6-28,7,0,46.21,35.92,3.69,3.64,33.5,32.26
2011,CS,6_28_csf3,Female,2011-6-28,0,1,46.42,36.75,3.77,4.03,32.71,30.88
2011,CS,6_5_csf5,Female,2011-6-5,0,0,44.17,34.12,5.12,3.94,31.33,30.44
2011,CS,lbpw,Female,2011-6-2,10,0,45.16,35.19,4.04,4.02,33,31.5
2011,CS,lbwc,Female,2011-6-1,2,0,43.74,32.92,4.22,4.15,33.31,32.59
2011,CS,lbwlb,Female,2011-6-1,1,0,45.68,36.27,4.5,4.2,32.37,31.85
2011,CS,lbwp,Female,2011-6-1,1,0,46.16,36.36,3.94,4.33,33.69,31.81
2011,CS,6_29_csf9,Female,2011-6-29,1,1,42.15,34.13,3.74,3.74,32.14,30.55
2011,CS,7_4_csf13,Female,2011-7-4,2,0,44.63,36.22,3.91,3.94,31.79,30
2011,CS,7_4_csf20,Female,2011-7-4,2,0,45.24,33.87,4,4.01,32.09,30.97
2011,CS,7_4_csf10,Female,2011-7-4,1,0,44.99,35.5,3.91,3.91,33.06,31.72
2011,CS,7_1_csf32,Female,2011-7-1,3,0,43.25,34.16,3.99,3.85,31.25,30.25
2011,CS,7_1_csf41,Female,2011-7-1,5,0,44.2,35.36,3.65,3.94,32.79,30.86
2011,CS,7_1_csf50,Female,2011-7-1,4,0,43.91,34.52,3.91,3.95,32.46,30.94
2011,CS,7_1_csf39,Female,2011-7-1,1,0,42.96,33.95,3.42,4.03,30.78,29.42
2011,CS,6_16_csf7,Female,2011-6-16,20,0,45.12,35.69,4.1,4.01,32.32,30.55
2011,CS,6_17_csf16,Female,2011-6-17,4,0,43.62,34.48,3.69,3.73,31.52,29.74
2011,CS,7_9_csf15,Female,2011-7-9,1,0,44.81,35.6,3.71,3.94,32.62,31.51
2011,CS,7_9_csf17,Female,2011-7-9,3,0,45.33,35.45,3.67,3.74,32.26,31.46
2011,CS,7_9_csf10,Female,2011-7-9,12,1,45.06,35.04,3.88,3.9,32.87,32
2011,CS,7_7_csf8,Female,2011-7-7,13,0,45.42,34.81,4.02,4.16,33.03,32.01
2011,CS,7_7_csf14,Female,2011-7-7,3,0,45.13,36.22,3.72,3.81,32.11,30.71
2011,CS,7_16_csf6,Female,2011-7-16,2,1,42.32,33.33,3.39,3.73,31.25,29.67
2011,CS,6_12_csf1,Female,2011-6-12,1,0,46.82,36.96,4.13,4.19,34.31,32.23
2011,CS,7_5_csf11,Female,2011-7-5,14,1,45.2,35.16,3.81,3.85,32.93,31.41
2011,CS,7_4_csf23,Female,2011-7-4,1,0,45.02,35.36,3.95,3.95,31.99,30.99
2012,CS,lbcc,Female,2012-6-4,0,0,44.34,34.97,3.67,4.16,34.67,33.39
2012,CS,lbcdb,Female,2012-6-4,3,0,43.9,34.78,4.23,4.03,32.9,31.86
2012,CS,lbww,Female,2012-6-6,4,0,44.97,34.61,4.08,4.02,32.99,31.27
2012,CS,lbwlb,Female,2012-6-7,4,0,44.85,34.91,3.65,4.02,32.93,30.56
2012,CS,lbwg,Female,2012-6-7,0,0,41.8651,32.7605,3.9,4.13,33.5693,33.0271
2012,CS,lbdbp,Female,2012-6-7,0,0,44.713,34.427,3.53,3.88,33.8209,32.5993
2012,CS,lbdblb,Female,2012-6-7,0,0,44.2945,34.4831,3.75,3.75,32.2747,30.4997
2012,CS,lbpc,Female,2012-6-7,0,0,45.4501,35.4746,3.79,3.82,33.5399,31.8501
2012,CS,lbpp,Female,2012-6-7,0,0,45.2958,35.5363,3.75,4.18,35.6756,34.2646
2012,CS,lbpy,Female,2012-6-7,0,0,47.9821,38.6867,3.59,4.17,37.2889,35.8319
2012,CS,ywp,Female,2012-6-13,0,0,46.2556,35.245,4.15,4.12,34.2043,32.7422
2012,CS,ywlb,Female,2012-6-13,0,1,44.0567,34.6146,3.81,4.09,34.5101,33.5514
2012,CS,ydbdb,Female,2012-6-13,0,1,46.0756,36.0352,3,4.24,34.6985,33.2821
2012,CS,ywg,Female,2012-6-13,0,1,43.005,34.033,3.42,4.11,33.2649,32.3942
2012,CS,ydbf,Female,2012-6-13,0,1,42.2619,33.4965,3.56,4.04,33.1712,31.4925
2012,CS,ydblb,Female,2012-6-15,0,0,41.9552,34.1526,2.5,4,32.0038,30.7787
2012,CS,ydbg,Female,2012-6-15,0,1,44.1443,35.369,3.6,4.2,34.3713,32.9989
2012,CS,ypp,Female,2012-6-15,0,1,42.8207,34.1808,3.4,4,33.8642,32.2952
2012,CS,ypg,Female,2012-6-15,2,1,40.2475,32.6553,3.6,3.9,31.837,30.4423
2012,CS,ypw,Female,2012-6-15,0,1,44.7762,34.518,4.12,4.41,34.0795,32.6302
2012,CS,dbcy,Female,2012-6-15,0,1,44.7721,35.2171,4.09,4.06,34.1704,32.8495
2012,CS,ypr,Female,2012-6-15,0,1,42.4372,34.3666,3.58,4.02,33.6249,32.2394
2012,CS,dbcc,Female,2012-6-15,0,1,43.0183,34.2867,4.08,4.49,34.4087,33.3992
2012,CS,dbcp,Female,2012-6-15,0,1,42.8386,34.3756,3.23,4.13,33.8761,32.6862
2012,CS,dbcg,Female,2012-6-15,0,0,43.638,35.0263,3.3,3.89,34.6902,33.1664
2012,CS,dbwr,Female,2012-6-15,4,1,43.9701,35.2935,4.21,3.97,33.686,32.3134
2012,CS,dbwlb,Female,2012-6-15,3,1,45.3885,36.78,4.55,4.21,34.8442,33.1262
2012,CS,dbdbc,Female,2012-6-15,0,0,41.8844,33.9969,3.93,3.87,32.8094,30.9515
2012,CS,dbdbw,Female,2012-6-15,3,0,42.5444,34.53,4.32,4.4,33.8636,31.9074
2012,CS,dbdby,Female,2012-6-15,0,0,43.6496,35.06,3.91,4.12,34.6957,33.3447
2012,CS,dbdbp,Female,2012-6-15,0,0,41.6177,33.4239,4.49,3.79,32.8045,31.6015
2012,CS,dbpc,Female,2012-6-17,2,0,41.6355,33.2324,3.65,3.66,31.4943,30.431
2012,CS,dbpp,Female,2012-6-17,1,0,41.8355,33.5741,3.69,3.8,31.8215,30.2913
2012,CS,rcg,Female,2012-6-18,0,1,43.1768,34.6788,3.68,4.12,33.1082,31.6368
2012,CS,rcr,Female,2012-6-18,0,1,40.6159,32.684,3.34,3.75,30.9098,30.054
2012,CS,rww,Female,2012-6-18,0,1,42.6019,34.3188,3.77,4.09,34.1094,32.8089
2012,CS,rwdb,Female,2012-6-18,0,1,45.3644,36.2089,3.59,3.89,34.6298,33.0122
2012,CS,rwg,Female,2012-6-18,3,0,43.6758,35.093,3.7,4.11,34.1225,32.9709
2012,CS,rdbw,Female,2012-6-18,0,1,42.1149,34.1617,3.98,3.76,32.7719,31.469
2012,CS,rdbg,Female,2012-6-18,0,1,42.395,34.6479,4.02,3.93,33.3103,31.6008
2012,CS,rpc,Female,2012-6-18,0,1,43.0341,35.7596,3.91,4.16,32.9118,31.2422
2012,CS,rpp,Female,2012-6-18,1,1,43.3823,34.9384,3.65,3.86,33.2001,31.4652
2012,CS,rpy,Female,2012-6-18,1,1,43.0102,35.3328,3.9,4.08,34.0893,32.421
2012,CS,rpf,Female,2012-6-18,0,1,41.1685,34.1039,3.58,3.86,32.5981,31.3449
2012,CS,rpg,Female,2012-6-18,0,1,42.0039,34.5685,4.09,4.2,34.4995,32.5589
2012,CS,fcdb,Female,2012-6-18,9,1,43.7928,35.4908,4.01,4.22,34.5485,32.8568
2012,CS,fdbdb,Female,2012-6-19,0,0,43.0269,34.7088,3.78,3.85,31.3363,30.0652
2012,CS,fdbp,Female,2012-6-19,0,0,41.6523,34.1335,3.26,3.62,31.1094,29.9779
2012,CS,fdbf,Female,2012-6-19,0,0,40.9934,33.5571,3.59,3.86,32.3085,31.0791
2012,CS,fpw,Female,2012-6-19,0,0,43.3564,35.1256,3.82,4.07,32.6692,31.5415
2012,CS,fplb,Female,2012-6-19,0,1,41.6066,34.2668,3.92,3.98,32.7562,31.6596
2012,CS,fpg,Female,2012-6-19,7,1,41.4538,33.5995,3.82,3.83,32.2816,31.057
2012,CS,wcdb,Female,2012-6-19,0,1,44.7062,36.12,4.19,4.01,33.602,32.1315
2012,CS,wcy,Female,2012-6-19,0,1,43.0192,34.9068,3.62,3.72,34.2511,32.6132
2012,CS,wcg,Female,2012-6-19,0,1,43.7423,34.8496,3.76,4.13,35.2136,33.1854
2012,CS,wwc,Female,2012-6-19,0,1,44.4149,35.9276,3.68,4.05,33.6394,31.8174
2012,CS,wwp,Female,2012-6-19,2,1,43.1229,34.2822,3.6,3.98,33.9226,32.2436
2012,CS,wwlb,Female,2012-6-19,0,1,43.4342,35.7125,3.72,3.84,30.3661,29.6265
2012,CS,wwf,Female,2012-6-19,0,1,43.8719,35.5029,3.76,3.8,33.3365,31.7334
2012,CS,wwg,Female,2012-6-19,0,1,41.5362,33.4986,3.64,3.77,32.641,31.2308
2012,CS,wdbdb,Female,2012-6-19,0,1,42.7092,34.3938,3.66,3.94,33.761,32.6365
2012,CS,wdblb,Female,2012-6-20,0,0,43.0293,34.9901,3.82,3.76,32.4086,31.1473
2012,CS,wdbg,Female,2012-6-20,0,0,44.6329,34.8382,4.04,4.28,33.8939,32.2888
2012,CS,wpp,Female,2012-6-20,0,0,42.5865,34.3833,3.75,3.85,33.0807,31.0778
2012,CS,gcr,Female,2012-6-20,0,0,43.6311,34.6561,3.59,4,32.0184,31.0472
2012,CS,gwdb,Female,2012-6-20,1,1,43.6551,34.3032,3.7,3.88,32.7241,31.471
2012,CS,cdb_,Female,2012-6-20,1,1,42.3449,34.1459,3.21,3.96,34.0839,33.1459
2012,CS,gwr,Female,2012-6-20,0,1,41.6365,33.632,3.61,3.68,33.0002,31.7184
2012,CS,gdbw,Female,2012-6-21,0,0,43.7474,34.8021,4.31,3.93,33.7694,32.2695
2012,CS,gdbf,Female,2012-6-21,0,1,42.7494,34.0412,3.82,3.61,31.228,30.0984
2012,CS,gdbg,Female,2012-6-21,0,1,43.4118,35.1451,3.77,3.87,33.6859,32.6432
2012,CS,gpc,Female,2012-6-21,0,1,42.401,34.0367,3.64,3.35,31.5651,30.476
2012,CS,gpdb,Female,2012-6-21,0,1,44.1348,35.4537,3.01,3.92,34.3227,33.0138
2012,CS,gpr,Female,2012-6-21,0,1,43.2789,35.1994,4.03,3.97,33.3119,31.2883
2012,CS,gpf,Female,2012-6-21,0,1,43.0206,34.5826,4.01,4.06,33.4331,32.1003
2012,CS,gpg,Female,2012-6-21,0,1,42.4436,34.281,4.03,4.03,34.4446,32.7317
2012,CS,lbyw,Female,2012-6-21,0,1,44.9663,36.4718,3.81,3.66,30.7351,29.5242
2012,CS,lbyy,Female,2012-6-21,0,1,41.6395,33.9269,3.79,3.8,32.4464,31.2115
2012,CS,lbylb,Female,2012-6-21,0,1,41.3051,34.1881,3.55,3.93,33.8346,32.4319
2012,CS,lbrdb,Female,2012-6-21,0,1,42.5095,35.0677,3.93,3.84,32.8407,31.9385
2012,CS,lbfdb,Female,2012-6-26,0,1,42.8987,34.7414,3.87,3.91,33.8566,32.3441
2012,CS,lbfy,Female,2012-6-26,0,1,43.8107,35.2923,3.43,3.71,33.9514,32.1538
2012,CS,lbflb,Female,2012-6-26,0,1,42.1705,34.7802,3.96,3.64,32.1104,31.3052
2012,CS,lbfg,Female,2012-6-26,0,1,43.7054,34.9973,3.85,3.68,32.3656,31.293
2012,CS,lblbr,Female,2012-6-27,0,0,42.0705,34.9346,4.04,4.04,34.268,32.0849
2012,CS,cfy,Female,2012-6-28,0,1,41.3468,34.209,3.65,3.67,32.8075,31.622
2012,CS,crg,Female,2012-6-28,26,1,44.0304,35.7815,4.18,3.9,33.8222,32.0891
2012,CS,crr,Female,2012-6-28,0,1,43.4079,35.7031,3.76,3.89,32.7012,31.6564
2012,CS,clbdb,Female,2012-6-28,0,1,42.3009,34.4657,3.63,3.78,33.3272,31.7401
2012,CS,lbgc,Female,2012-6-28,0,1,43.4336,35.4856,3.67,3.93,32.4902,31.2128
2012,CS,cwdb,Female,2012-6-28,0,1,42.7464,34.7442,3.94,3.91,32.8148,31.3701
2012,CS,cwc,Female,2012-6-28,0,1,42.0022,34.4452,3.8,3.96,33.4551,31.9316
2012,CS,cwr,Female,2012-6-28,0,1,43.0798,35.5528,3.81,3.82,33.3253,31.955
2012,CS,cwg,Female,2012-6-28,1,1,42.8157,35.2705,3.8,3.76,32.1286,30.6728
2012,CS,crlb,Female,2012-6-28,0,1,43.2937,35.2422,3.53,4.06,32.293,30.5527
2012,CS,cflb,Female,2012-6-28,0,1,42.736,34.9359,3.66,4.28,33.2365,32.0018
2012,CS,pyw,Female,2012-6-28,0,1,43.3551,35.0283,4.46,3.85,33.1932,31.3423
2012,CS,pyf,Female,2012-6-28,0,1,41.9474,35.0073,3.74,3.82,32.9103,31.5324
2012,CS,prlb,Female,2012-6-29,0,0,42.6248,34.5835,4.1,4.09,34.0281,32.2023
2012,CS,pfw,Female,2012-6-29,0,0,44.318,35.8249,4.02,4.2,33.4781,32.5665
2012,CS,plby,Female,2012-6-30,5,0,42.7186,34.7915,3.54,3.6,32.486,31.243
2012,CS,plbf,Female,2012-6-30,0,0,42.7147,35.1407,3.64,3.66,32.5573,31.3576
2012,CS,plbr,Female,2012-6-30,0,0,42.7787,35.1449,3.92,3.41,33.4306,32.1106
2012,CS,pgdb,Female,2012-6-30,0,1,44.2136,36.0961,3.98,3.96,34.2206,32.9684
2012,CS,pgc,Female,2012-6-30,0,1,42.2189,34.8833,3.89,3.72,32.89,31.6684
2012,CS,pgp,Female,2012-6-30,0,1,43.3796,35.243,3.92,3.66,33.1617,31.7183
2012,CS,yyp,Female,2012-6-30,0,1,44.5226,35.8297,4.27,3.99,35.7319,34.2531
2012,CS,yrdb,Female,2012-6-30,0,1,41.1925,33.7552,3.8,3.81,31.6584,30.5561
2012,CS,yfc,Female,2012-6-30,0,1,44.6962,36.7987,4.06,3.81,33.5565,32.1561
2012,CS,ygp,Female,2012-7-2,0,0,42.9799,34.8779,4.08,4.14,33.3071,31.684
2012,CS,ylbg,Female,2012-7-2,0,0,38.4623,31.6412,3.74,3.8,31.4411,29.9582
2012,CS,dbyp,Female,2012-7-2,0,0,41.9263,33.9279,4.02,4.11,32.5261,30.9476
2012,CS,dbyg,Female,2012-7-2,0,1,44.774,36.0315,4.13,4.22,34.3521,33.4036
2012,CS,dbry,Female,2012-7-2,0,1,42.4762,34.5423,4.27,3.84,33.0253,31.4082
2012,CS,dbfw,Female,2012-7-2,0,1,42.5048,34.8034,3.73,3.59,32.3624,31.0831
2012,CS,yfw,Female,2012-7-2,0,1,42.5578,34.7755,3.82,4,32.7236,31.7042
2012,CS,yfr,Female,2012-7-2,0,1,41.2957,34.1042,3.72,3.93,33.0162,31.4065
2012,CS,yfy,Female,2012-7-2,0,1,42.3198,34.7047,3.94,3.97,32.695,31.2889
2012,CS,yfg,Female,2012-7-2,0,1,41.298,34.1234,3.86,3.99,33.3592,32.0924
2012,CS,ylbw,Female,2012-7-2,3,1,43.2275,35.3609,3.97,3.96,32.1394,31.0974
2012,CS,ygdb,Female,2012-7-2,0,0,42.5285,34.3061,3.91,4.03,32.8489,31.313
2012,CS,dbrlb,Female,2012-7-2,0,1,43.4742,35.2223,3.98,3.85,32.5954,30.6855
2012,CS,dbfdb,Female,2012-7-2,0,1,42.2589,34.7126,3.78,3.75,32.9235,31.5332
2012,CS,dbfy,Female,2012-7-2,0,1,41.6428,34.0013,3.93,3.86,32.4692,30.9521
2012,CS,rrc,Female,2012-7-4,0,1,43.8776,35.7823,4.01,4.2,33.9485,32.0955
2012,CS,rrdb,Female,2012-7-4,0,1,41.1603,33.7394,3.8,3.95,32.2021,30.7914
2012,CS,rrf,Female,2012-7-4,0,1,43.8955,36.0317,4.08,4.22,33.902,32.3565
2012,CS,rfw,Female,2012-7-4,0,1,41.8164,34.1831,3.3,3.76,32.8049,31.5829
2012,CS,rrg,Female,2012-7-4,1,1,41.7085,33.9603,3.71,3.92,33.2748,31.7741
2012,CS,dblbc,Female,2012-7-4,0,0,43.1486,35.1697,3.95,3.63,32.6818,31.5043
2012,CS,dblbdb,Female,2012-7-4,0,0,43.886,35.9089,3.76,3.85,34.4622,33.1959
2012,CS,dblbw,Female,2012-7-4,0,0,42.7173,34.8142,3.79,3.72,33.7826,32.1397
2012,CS,dbgc,Female,2012-7-4,0,0,39.9606,32.5198,3.8,3.58,31.3288,29.9949
2012,CS,ryw,Female,2012-7-4,0,1,41.171,33.9684,3.66,3.6,32.9083,31.7717
2012,CS,rfdb,Female,2012-7-4,0,1,40.6562,33.4026,3.89,3.62,32.2417,30.506
2012,CS,rlbc,Female,2012-7-4,0,1,42.8484,34.8461,3.83,3.61,33.052,31.9343
2012,CS,rflb,Female,2012-7-4,0,1,42.1422,34.3261,3.95,3.93,32.4162,30.8031
2012,CS,rlbdb,Female,2012-7-5,0,1,41.4207,33.3281,3.95,4.01,32.0506,30.4837
2012,CS,rlbp,Female,2012-7-5,0,1,41.7664,33.7985,3.8,3.99,31.8142,30.3196
2012,CS,rlbg,Female,2012-7-5,0,0,43.2576,34.5467,3.96,4.04,33.4178,31.6912
2012,CS,rlblb,Female,2012-7-5,0,0,39.439,31.9515,3.65,3.72,29.7582,28.5582
2012,CS,fyy,Female,2012-7-5,0,1,43.618,36.072,3.99,4.1,33.4961,31.8491
2012,CS,fyr,Female,2012-7-5,0,1,40.4585,32.6809,3.21,3.93,30.9042,29.8642
2012,CS,frc,Female,2012-7-5,0,1,43.9556,35.6663,3.87,4.08,32.3866,31.1278
2012,CS,fyf,Female,2012-7-5,0,1,44.3829,35.9523,3.77,3.99,33.7721,32.1246
2012,CS,fyg,Female,2012-7-5,0,1,40.7564,33.0164,3.71,3.67,31.7619,30.2651
2012,CS,frp,Female,2012-7-5,0,1,41.6866,33.3028,3.53,3.99,33.6141,32.1504
2012,CS,ffg,Female,2012-7-8,0,1,41.9443,34.0581,3.51,3.87,32.5133,30.9468
2012,CS,flbw,Female,2012-7-8,0,1,42.8114,34.883,3.81,3.99,33.4638,32.4642
2012,CS,flbf,Female,2012-7-8,0,1,41.2003,33.8589,3.68,3.64,31.9252,30.1221
2012,CS,fgy,Female,2012-7-8,0,1,41.1075,33.4785,3.76,3.61,31.343,29.9233
2012,CS,wyw,Female,2012-7-8,0,1,41.8465,34.5,3.82,3.68,32.9477,31.4685
2012,CS,wyy,Female,2012-7-8,10,1,42.2291,34.0735,3.83,3.87,34.0151,32.6176
2012,CS,wylb,Female,2012-7-9,0,0,42.4014,34.5437,3.63,3.86,33.5133,32.0602
2012,CS,wfdb,Female,2012-7-9,20,1,41.5702,33.4237,3.98,4.02,32.3891,31.0178
2012,CS,wrlb,Female,2012-7-9,18,1,41.5778,33.7666,3.97,3.14,32.5131,31.1653
2012,CS,wfp,Female,2012-7-13,0,1,41.7121,34.0114,3.65,3.93,33.5544,31.9924
2012,CS,wff,Female,2012-7-13,0,1,41.0957,33.5888,3.9,3.84,33.0113,31.3123
2012,CS,wlbdb,Female,2012-7-13,0,1,48.2919,39.9578,4.14,4.21,36.0874,35.5439
2012,CS,wgc,Female,2012-7-13,0,1,41.4785,33.5764,3.56,3.56,32.357,30.3758
2012,CS,wgw,Female,2012-7-13,0,1,43.104,35.133,4.04,3.72,33.6744,32.0222
2012,CS,wgp,Female,2012-7-13,0,1,41.4206,33.7664,3.6,3.55,32.9885,31.7673
2012,CS,gyc,Female,2012-7-13,0,1,42.5407,34.8961,3.79,3.71,33.47,31.9227
2012,CS,gyf,Female,2012-7-15,0,0,43.39,35.6103,4.04,3.71,33.8773,32.3641
2012,CS,grw,Female,2012-7-15,7,0,44.7661,36.6264,3.9,3.61,34.4499,32.719
2012,CS,grlb,Female,2012-7-16,0,1,40.026,32.279,3.84,3.37,31.4434,30.0624
2012,CS,grf,Female,2012-7-16,0,0,44.106,35.9622,3.74,3.65,34.4819,32.838
2012,CS,gflb,Female,2012-7-20,0,1,41.0136,33.54,3.58,3.27,32.5163,30.9063
2012,CS,gfr,Female,2012-7-20,0,0,44.0655,36.3376,3.8,3.56,33.4287,31.9984
2012,CS,glbf,Female,2012-7-20,0,0,42.46,34.5748,3.53,3.58,31.767,30.5285
2012,CS,ggw,Female,2012-7-20,4,1,43.7806,36.0465,3.85,3.92,33.9,32.6221
2012,CS,glbg,Female,2012-7-20,0,1,42.9519,34.6241,3.75,3.58,33.7066,32.4405
2012,CS,lbgr,Female,2012-7-20,0,1,44.814,35.5099,4.14,3.91,33.7028,32.3826
2013,CS,ccf,Female,2013-7-5,0,1,44.46575378,36.39196107,5.857597899,2.488634191,35.24809945,33.82501586
2013,CS,ccm,Female,2013-6-24,0,0,44.16154652,35.51416298,5.865899953,1.940840754,34.057461,32.6625089
2013,CS,ccp,Female,2013-7-15,0,0,41.79243912,34.47659469,4.978768867,1.980552803,30.65082243,29.6160529
2013,CS,ccs,Female,2013-6-24,0,0,43.81992246,35.95886312,5.488083308,1.766470061,33.02863296,31.81427981
2013,CS,cfdb,Female,2013-7-15,0,0,42.36862634,35.05092331,5.191881743,2.064268433,33.53177521,31.88365129
2013,CS,cfp,Female,2013-7-5,4,0,42.00392855,34.0690389,5.446850066,1.882107023,33.00044583,31.40133469
2013,CS,cgr,Female,2013-6-24,0,0,45.12816114,36.76601285,5.661533815,2.110247905,34.47361959,32.99305264
2013,CS,cgs,Female,2013-7-15,0,0,44.60916742,36.79792001,5.174588814,1.897915275,33.81983599,32.68638236
2013,CS,clbc,Female,2013-6-28,8,0,41.21707158,33.57835104,5.086708552,1.979981298,31.11509719,29.73773208
2013,CS,clbdb,Female,2013-7-6,0,0,44.02376514,36.00076077,5.405302294,1.936287114,33.38217929,31.68132582
2013,CS,clbg,Female,2013-6-24,0,0,42.57385137,34.68153635,5.325953095,1.873428117,32.29619319,30.49664329
2013,CS,clbp,Female,2013-7-15,0,0,43.17124041,35.46992937,5.404297202,2.191902461,34.77786293,33.47194476
2013,CS,clbw,Female,2013-7-6,0,0,42.25540486,34.1489428,5.62104949,2.086842525,32.25113336,31.04967112
2013,CS,cmc,Female,2013-6-24,7,0,42.8767803,35.07003276,5.383357148,1.894095087,33.0255605,31.2027253
2013,CS,cmm,Female,2013-7-6,0,0,42.16401827,34.33250192,5.258806664,2.021724474,32.41589035,30.82698457
2013,CS,cms,Female,2013-7-5,0,0,45.33341599,37.55789254,5.351264748,2.007793778,34.39954543,33.00789997
2013,CS,cmu,Female,2013-7-5,4,1,42.63882872,34.68346159,5.492700617,2.06119595,32.40226363,31.17927322
2013,CS,coo,Female,2013-7-6,0,0,44.22935511,36.74272808,5.256869441,2.115069131,34.18985382,32.76159449
2013,CS,cop,Female,2013-6-12,11,1,45.08704925,36.78260065,5.618471766,2.258929266,34.44156284,33.14196366
2013,CS,cow,Female,2013-7-9,0,0,42.66356431,34.46526124,5.810419763,1.960335519,33.04697667,31.52305648
2013,CS,cpf,Female,2013-6-12,0,1,40.78728399,33.25532596,5.106382979,2.064268433,31.88040655,30.75615261
2013,CS,cpm,Female,2013-6-24,0,0,42.43833969,34.773932,5.4063072,1.852164016,32.80249417,31.44132008
2013,CS,cuc,Female,2013-6-12,0,1,44.23406302,36.1064394,5.702484905,2.085106383,33.63310914,32.04114721
2013,CS,cvp,Female,2013-6-5,19,0,44.48411602,35.86507713,5.712280577,2.109067707,32.08738357,30.82574395
2013,CS,cww,Female,2013-6-6,0,1,40.32538547,33.10761361,5.17375765,1.99512761,33.27346201,31.66237539
2013,CS,cyf,Female,2013-6-12,5,1,43.35310399,35.32401915,5.546666094,2.087818471,34.63819853,33.03428058
2013,CS,cyg,Female,2013-6-12,3,0,44.51797059,36.47295084,5.639622486,1.851186105,33.58587321,32.16886775
2013,CS,cyy,Female,2013-7-5,10,1,42.00891281,34.7731509,5.205596459,2.187767962,33.23272153,31.8129703
2013,CS,dbdbr,Female,2013-7-9,2,0,45.76308882,37.28361442,5.781638409,2.178540551,34.20746614,32.73910056
2013,CS,lbsw,Female,2013-7-18,0,0,44.30057526,36.62548272,5.305087798,2.121800443,33.64094981,32.34939209
2013,CS,mcr,Female,2013-7-18,0,0,44.46929653,36.32271356,5.528722483,2.240921527,33.52201008,32.11895957
2013,CS,mcy,Female,2013-7-17,0,0,43.03146122,35.20077574,5.427033584,2.172818627,33.29992396,32.08502585
2013,CS,mdbc,Female,2013-7-17,3,0,43.65970408,35.72346128,5.404925407,2.017689987,32.98162306,31.63896885
2013,CS,mdbf,Female,2013-7-17,0,0,43.77618081,35.76393225,5.341612142,2.115069131,34.52061836,33.19674422
2013,CS,mdbm,Female,2013-7-18,0,0,42.00077604,34.55466536,5.300605977,2.134457226,33.48800969,32.11912782
2013,CS,mdbu,Female,2013-7-17,0,0,41.80851605,34.34048485,5.234734429,1.973683813,31.49614118,30.29053253
2013,CS,mdbw,Female,2013-7-17,0,0,44.96139383,37.0696981,5.574508689,2.175317318,33.93564493,32.39391423
2013,CS,mdby,Female,2013-7-17,0,0,44.16333526,36.29757926,5.702286438,2.278185963,34.14396753,32.2854132
2013,CS,mfr,Female,2013-7-17,0,0,43.50568041,35.64949967,5.504226945,2.086083141,33.96728032,32.86139769
2013,CS,mfw,Female,2013-7-18,0,0,42.19802848,34.59499227,5.241345882,2.321587631,33.17693922,32.02129632
2013,CS,mgdb,Female,2013-7-17,0,0,42.40553638,34.94848437,5.107491015,2.090418765,32.97469483,31.70679199
2013,CS,mgg,Female,2013-7-17,0,0,42.80876972,35.06461087,5.112761973,2.085214934,31.69068907,30.74540293
2013,CS,mgm,Female,2013-7-17,0,0,45.03760815,37.23252277,5.276981798,2.251100028,34.75576578,33.42003006
2013,CS,mgr,Female,2013-7-18,0,0,43.60978144,36.29625723,5.505830483,2.106812765,34.23280136,32.76314433
2013,CS,mlbc,Female,2013-7-17,0,0,41.69042932,33.88357159,5.404255319,2.046538665,33.16638403,31.93792463
2013,CS,mlbf,Female,2013-7-18,0,0,43.85508462,36.564113,5.364782972,2.171151236,33.35801438,32.20718782
2013,CS,mlbu,Female,2013-7-17,0,0,44.05401228,36.21479105,5.638659161,2.225108784,32.75538783,31.34562645
2013,CS,mlbw,Female,2013-7-17,0,0,42.85410625,34.71256219,5.732295554,2.082282065,33.43225385,32.02954303
2013,CS,mlby,Female,2013-7-18,0,0,43.55756196,36.06086098,5.354140226,2.021388575,32.1039489,30.27216749
2013,CS,mmc,Female,2013-7-17,0,0,43.88909951,36.26910761,5.347583573,2.267430347,34.41808812,33.06722896
2013,CS,mmdb,Female,2013-7-17,0,0,42.91497801,35.57554335,4.962010501,2.255720558,32.94362934,31.46562328
2013,CS,mmp,Female,2013-7-17,3,0,44.50891437,36.28979606,5.666329356,2.149041497,34.26462285,32.68543055
2013,CS,mmv,Female,2013-7-17,0,0,42.16699754,34.88378818,5.341485018,2.174068331,31.68024369,30.3708529
2013,CS,mmy,Female,2013-7-18,2,0,44.61165868,36.51585168,5.419354013,2.085106383,33.10069686,31.65469804
2013,CS,mog,Female,2013-7-18,0,0,40.30011901,32.85685788,5.042732738,2.042553191,31.04307198,29.91551995
2013,CS,mos,Female,2013-7-17,0,0,43.06408733,35.81215137,5.073877034,2.021276596,32.68494631,31.52974168
2013,CS,mpdb,Female,2013-7-17,0,0,43.04899459,35.43575343,5.276981798,2.256924358,32.29225927,31.09376978
2013,CS,mpo,Female,2013-7-17,0,0,42.52916875,35.07153654,5.256869441,2.119345458,33.16760496,31.98475426
2013,CS,mrdb,Female,2013-7-17,0,0,41.23775317,34.13488145,4.982404531,1.940374206,30.67250742,29.62519683
2013,CS,mrg,Female,2013-7-18,0,0,40.24083226,32.95180782,5.11174364,1.85106383,31.78129893,30.1348549
2013,CS,msg,Female,2013-6-17,0,0,44.54411702,36.57694346,5.440571562,2.085540554,33.71031103,32.5811023
2013,CS,msv,Female,2013-6-15,0,1,44.24900221,36.02737755,5.571137547,2.170629914,33.68542871,32.10289488
2013,CS,muc,Female,2013-6-17,0,0,42.77855747,34.25191605,5.724946403,2.107349875,34.39350636,32.60374534
2013,CS,mwlb,Female,2013-6-15,0,1,43.95471249,35.91070864,5.860958751,2.021388575,33.26543883,31.63832593
2013,CS,mwm,Female,2013-6-17,0,0,42.44734176,34.66545148,5.180053676,1.919144219,32.49377004,31.23841112
2013,CS,mws,Female,2013-6-15,0,1,42.40660924,34.53207876,5.215544201,2.021724474,32.46360289,31.20233133
2013,CS,myc,Female,2013-6-15,5,1,43.36846668,35.62099294,5.362757411,2.304167893,33.08918835,31.2768631
2013,CS,odbc,Female,2013-6-15,35,1,43.71667391,35.09703293,5.81411934,2.245663796,33.74021154,32.42311664
2013,CS,odbv,Female,2013-6-17,0,0,44.1449524,35.98058553,5.640866537,2.022284183,34.35055652,32.96662283
2013,CS,ofw,Female,2013-6-10,0,1,43.48110114,34.75015918,5.675549363,2.234447785,34.20639056,32.57534227
2013,CS,ogg,Female,2013-6-10,0,0,43.35825681,34.89616623,6.279732357,2.142923968,33.84177126,32.32845277
2013,CS,ogp,Female,2013-6-19,0,0,42.74501975,34.93804255,5.744680851,2.149883928,32.50240871,30.78355859
2013,CS,ogs,Female,2013-6-10,0,0,42.23794933,34.72419299,5.134012133,1.981581098,33.11543243,31.45571794
2013,CS,olbg,Female,2013-6-19,0,0,45.3969864,36.6454388,5.833668532,2.198089627,33.98045468,32.57051114
2013,CS,olblb,Female,2013-6-19,0,0,43.10671903,35.28093293,5.406935171,2.149041497,32.97663115,31.35766095
2013,CS,olby,Female,2013-6-19,1,0,44.39887722,35.34417211,5.716598025,2.022060318,32.29464511,30.63330593
2013,CS,ooo,Female,2013-6-8,0,1,44.06387602,35.42563414,5.724827791,2.25622222,34.73605473,33.18218473
2013,CS,oor,Female,2013-6-19,0,1,43.27793466,34.6856086,5.852456314,2.007793778,33.79751191,32.04426989
2013,CS,oup,Female,2013-6-19,0,0,41.51281934,33.6861194,5.404632254,2.044325472,33.24720841,31.8828175
2013,CS,ouu,Female,2013-6-24,0,1,41.17386866,33.24546212,5.322424523,2.154091142,33.17996115,31.74649341
2013,CS,ouv,Female,2013-6-24,0,0,42.2116131,34.68983045,5.222526685,1.830281972,33.15116924,31.58135879
2013,CS,ows,Female,2013-6-19,0,0,42.94503103,34.93521781,5.681488529,2.085540554,32.82565787,31.16496961
2013,CS,oyo,Female,2013-6-19,0,0,40.7888378,32.95860745,5.534532932,2.131485921,33.0039138,31.77720834
2013,CS,pcdb,Female,2013-6-24,0,0,44.30688485,36.33799633,5.428201262,1.851186105,33.92067059,32.45399212
2013,CS,pcr,Female,2013-6-20,0,0,38.91202505,31.49728228,4.343813863,1.979180913,34.11113208,32.52433637
2013,CS,pcw,Female,2013-6-24,4,0,43.87638506,35.53528459,5.5746305,2.042996406,34.65488184,33.00105946
2013,CS,pfo,Female,2013-6-8,0,0,44.47266596,36.22486484,5.621895049,2.261733152,33.5370851,32.13404354
2013,CS,pfy,Female,2013-6-20,0,0,45.38298371,37.02142944,5.811004063,2.021724474,33.17814554,31.78236895
2013,CS,pmo,Female,2013-6-20,0,0,44.21677945,36.03826371,5.434910542,2.089010674,34.15466455,32.52324351
2013,CS,pmp,Female,2013-6-7,0,0,45.00515035,36.26581234,5.959877923,2.14893617,35.15604095,33.90140892
2013,CS,pmu,Female,2013-7-15,0,0,44.22223088,36.04265367,5.671958934,2.129361022,34.03574158,32.61883015
2013,CS,pmv,Female,2013-7-3,0,0,43.61764919,35.13201514,5.842353284,2.321587631,34.6506996,33.13602847
2013,CS,podb,Female,2013-6-19,0,0,43.37181203,34.98629364,5.740818244,1.960335519,33.87685347,32.43082614
2013,CS,pof,Female,2013-6-7,10,1,42.66500735,34.16062635,5.579379029,2.110247905,35.30843503,33.88826581
2013,CS,pop,Female,2013-7-15,0,0,45.36890686,36.76069949,5.790401198,2.195204453,34.41052904,33.11285302
2013,CS,ppr,Female,2013-6-19,17,0,42.80876972,34.74478508,5.556492049,1.894692499,31.81129142,30.49316535
2013,CS,pru,Female,2013-6-7,1,1,43.53835147,35.76179935,5.314934501,2.267430347,34.4704346,32.94570045
2013,CS,pwo,Female,2013-7-12,0,0,45.78723404,37.76625112,5.767370479,2.298266318,34.7239346,33.32394453
2013,CS,pws,Female,2013-7-12,5,0,40.2564212,33.04258059,5.02416073,2.106812765,31.08440647,29.54908935
2013,CS,pww,Female,2013-6-11,0,1,44.56394026,36.42941543,5.943639014,2.278185963,34.37060358,32.95974782
2013,CS,pym,Female,2013-7-12,0,0,44.66938556,36.39852847,5.638297872,2.371553156,34.26106258,32.69627555
2013,CS,pys,Female,2013-6-17,0,1,43.97386462,36.02964551,5.583596554,2.065583813,34.04966642,32.44772209
2013,CS,rcf,Female,2013-7-12,5,1,44.05499362,36.0055325,5.637013101,2.172506089,33.84532007,32.48311227
2013,CS,rcm,Female,2013-6-17,0,1,45.32202568,36.96068654,5.744680851,2.108101598,34.39453931,33.04973318
2013,CS,rcs,Female,2013-7-12,0,0,45.56036594,36.90343191,5.788641881,2.338200102,34.92867935,33.42203053
2013,CS,rcv,Female,2013-7-12,0,0,42.13282259,34.74812689,5.281783654,2.063939457,32.8423668,31.65790279
2013,CS,rdbs,Female,2013-7-12,8,0,43.81347558,35.88051698,5.383357148,2.350076812,32.92034964,31.74743708
2013,CS,rdbu,Female,2013-7-12,0,0,42.44938935,34.65957447,5.504226945,2.446901016,33.23787679,31.66054873
2013,CS,rfc,Female,2013-6-17,0,0,42.87247241,35.25534483,5.53228313,2.25622222,33.79738855,32.58704163
2013,CS,rgg,Female,2013-7-12,0,0,43.39499797,35.58365452,5.536005035,2.263433816,33.97145446,32.45794209
2013,CS,rlbo,Female,2013-6-17,0,0,41.95749536,34.25701066,5.218017329,1.872340426,32.68548312,31.32575745
2013,CS,rlbr,Female,2013-7-12,0,1,42.85721184,35.10969037,5.341103627,2.113249072,33.39448105,32.29664959
2013,CS,rmg,Female,2013-6-20,0,0,43.25885638,35.12930908,5.617665985,1.851552882,32.80350132,32.82422565
2013,CS,rmr,Female,2013-6-20,0,1,43.93173951,36.21124706,5.32021266,2.13286597,33.49683224,32.05016517
2013,CS,rms,Female,2013-7-3,0,0,41.49643148,33.87685739,4.990348312,1.835838583,32.28389643,30.91271717
2013,CS,rog,Female,2013-6-28,0,0,42.04410907,34.63923884,5.085150894,2.032443955,31.90936151,31.86914045
2013,CS,ros,Female,2013-7-9,0,0,42.01456989,34.5555562,4.943593098,2.109067707,32.4781787,31.03071375
2013,CS,rpy,Female,2013-7-12,3,0,43.54880498,35.41663041,5.498631461,2.051509619,32.56734451,31.42854613
2013,CS,rrlb,Female,2013-6-18,0,1,42.94934745,34.49488057,5.753539269,2.000452642,33.0549428,31.48751569
2013,CS,rrm,Female,2013-6-17,0,0,44.72454297,35.61765677,6.212911686,2.235663039,32.92886939,31.294916
2013,CS,rsf,Female,2013-6-11,0,0,44.44927323,36.56805608,5.293940265,1.855460662,33.89403716,32.39542607
2013,CS,rsw,Female,2013-6-18,1,0,41.4076719,33.09717232,5.470113044,2.170629914,32.47900006,31.39120993
2013,CS,rum,Female,2013-7-12,0,1,44.35076144,36.28979606,5.554658647,2.206312192,33.47976169,32.21728141
2013,CS,ruo,Female,2013-6-11,0,0,43.03289718,35.12881939,5.427575752,1.93909062,33.19921261,32.04236984
2013,CS,rwlb,Female,2013-7-12,0,0,45.78921138,37.10775544,5.875461705,2.248584888,34.75881076,33.21182039
2013,CS,rwm,Female,2013-6-18,1,1,42.20713007,34.66422392,5.340806971,1.941890078,32.53922591,31.07447984
2013,CS,rvu,Female,2013-6-28,3,0,40.91757108,33.19282594,5.343137397,2.25622222,32.41121535,30.85705892
2013,CS,rvw,Female,2013-7-12,3,1,43.51339012,35.74610559,5.4681265,2.235663039,32.7852719,31.19980201
2013,CS,rylb,Female,2013-6-18,0,0,41.51316284,33.88255619,5.146341882,1.957446809,33.33366883,31.92993936
2013,CS,ryv,Female,2013-7-7,0,1,43.89857234,35.81913472,5.703556506,2.191902461,33.83163128,32.20859245
2013,CS,scr,Female,2013-7-6,0,0,42.59694028,35.149168,5.213156737,2.042553191,32.63739938,31.33527181
2013,CS,scv,Female,2013-7-9,0,0,46.26074563,38.17052705,5.681488529,2.299447844,34.67181813,33.22093918
2013,CS,sdbo,Female,2013-7-7,0,0,44.31933279,35.53192126,6.042703025,2.178644447,33.42363423,31.80719277
2013,CS,sdbr,Female,2013-7-9,0,0,43.25536624,35.47421739,5.405176668,2.06481661,33.48748641,32.16921235
2013,CS,sdbv,Female,2013-6-18,0,0,44.42426834,36.06591345,5.801336073,2.148409457,34.23780997,32.93431196
2013,CS,sff,Female,2013-7-6,0,0,41.60698004,34.04548525,5.305087798,1.961605204,32.70971396,31.4126213
2013,CS,sfg,Female,2013-7-7,2,0,42.11122073,34.49526772,5.55421039,2.06481661,32.16357082,30.89072916
2013,CS,sflb,Female,2013-7-7,0,0,44.1353991,36.36102984,5.387181943,2.032443955,33.88681556,32.54931799
2013,CS,sfp,Female,2013-6-18,0,1,42.65976548,34.64091161,5.538825471,1.919144219,33.71063146,32.433941
2013,CS,sgg,Female,2013-7-3,0,0,43.98362282,37.0951818,5.511665065,2.217772568,34.17566938,32.84980198
2013,CS,sglb,Female,2013-6-18,0,1,43.44932995,35.30485484,5.703556506,2.127765955,34.23836467,32.57045206
2013,CS,sgm,Female,2013-6-18,0,1,43.44814218,35.80853592,5.62104949,2.046538665,34.27648622,32.80307222
2013,CS,sgs,Female,2013-7-6,0,1,44.08759132,36.11450654,5.5997882,2.320027161,34.85782684,33.14759576
2013,CS,sgw,Female,2013-7-9,0,0,44.6064832,36.48685557,5.68228526,2.100680008,33.40962503,31.79082184
2013,CS,slbf,Female,2013-6-18,0,1,41.32835645,33.32134989,5.385038711,1.760308833,32.11018282,30.93217427
2013,CS,smr,Female,2013-6-18,0,1,41.82795823,33.75150182,5.618028601,2.024074212,34.94025899,33.55263452
2013,CS,sodb,Female,2013-7-6,0,0,42.77040836,35.13979068,5.383987795,2.085540554,33.67556134,31.88277116
2013,CS,sof,Female,2013-7-7,0,0,41.91664323,33.98784167,5.456150566,2.04974355,33.61025868,31.77414841
2013,CS,sow,Female,2013-7-6,0,0,42.89805469,35.36170213,5.246698071,2.129361022,32.87719299,31.19069061
2013,CS,spc,Female,2013-7-9,0,0,43.91695525,36.40948394,5.193625302,2.34197241,32.87664348,31.65679467
2013,CS,spdb,Female,2013-7-9,0,0,44.462898,36.47697823,5.187694811,2.134457226,32.77309374,31.36197956
2013,CS,splb,Female,2013-6-18,0,0,41.7022145,33.7686387,5.5997882,1.957562439,31.9408476,32.01621021
2013,CS,spy,Female,2013-7-5,4,0,42.51451966,34.47523566,5.684077496,2.216445386,33.43747014,32.10170439
2013,CS,srdb,Female,2013-7-7,0,0,43.00235815,34.92031283,5.53780374,2.192418725,32.06763201,30.83600435
2013,CS,sru,Female,2013-7-5,0,0,42.83004619,34.9614934,5.198852469,1.936170213,33.11935501,31.37962677
2013,CS,ssc,Female,2013-7-5,0,0,42.78177436,35.18514054,5.461789571,1.873428117,33.76710885,31.98299774
2013,CS,ssg,Female,2013-7-6,0,0,45.46132926,37.01594483,5.684834049,2.341295776,35.46898382,33.89579894
2013,CS,sslb,Female,2013-7-7,0,0,42.56493987,34.75563012,5.405762899,2.023067516,32.38523196,31.17307954
2013,CS,sso,Female,2013-7-5,0,0,44.89192293,36.66705694,5.470113044,2.255419508,33.94053388,32.23211266
2013,CS,ssp,Female,2013-7-5,2,0,44.21768551,36.10819464,5.613554701,2.278185963,34.35768579,32.93873345
2013,CS,ssr,Female,2013-7-11,1,0,42.97769643,35.35339278,5.450173495,2.15566673,32.73750049,31.53770039
2013,CS,sulb,Female,2013-7-11,9,0,43.998503,35.45651958,5.834483277,2.092042307,33.61456595,32.00932299
2013,CS,suo,Female,2013-7-7,0,0,42.47661194,34.72507297,5.563616204,2.462392555,31.96844457,30.34240466
2013,CS,swdb,Female,2013-7-7,0,0,44.34246738,36.0212766,5.612707886,2.176877543,33.94962263,32.46438473
2013,CS,swlb,Female,2013-7-3,0,0,43.51388949,35.45651958,5.45183445,2.144824379,33.88118662,32.43429427
2013,CS,svp,Female,2013-7-3,0,0,43.82142556,35.77309534,5.491381782,2.000452642,33.83694321,32.43078828
2013,CS,svu,Female,2013-7-7,0,0,43.06661016,35.38361842,5.446850066,2.170629914,32.64798966,31.26895223
2013,CS,swu,Female,2013-7-7,0,0,43.85108448,35.91520243,5.427575752,2.261733152,33.4149593,31.82040675
2013,CS,swv,Female,2013-7-7,0,0,43.57883642,35.79184452,5.404632254,2.300333591,33.21475269,31.54770294
2013,CS,syg,Female,2013-7-5,0,0,44.25826504,36.04898332,5.723760172,2.045321705,33.86271957,32.39674918
2013,CS,sym,Female,2013-7-7,0,0,43.65456091,35.40917135,5.787859791,2.193554078,32.98650763,31.50429258
2013,CS,syy,Female,2013-7-6,0,0,43.67582958,35.62394122,5.475076249,2.107349875,34.61225636,32.96454552
2013,CS,ucg,Female,2013-7-9,0,0,42.95749423,34.87380081,5.640264611,1.963104682,32.209349,30.69655913
2013,CS,ucs,Female,2013-7-3,0,0,42.99407773,35.47461299,5.618471766,2.108101598,34.12411558,32.39845033
2013,CS,udbf,Female,2013-7-7,0,0,43.38573865,35.55971011,5.347583573,2.149041497,33.0292482,31.56596447
2013,CS,udbp,Female,2013-7-3,0,0,42.89450881,34.78934212,5.59833287,2.095933678,34.11706006,32.40539045
2013,CS,udbw,Female,2013-7-11,2,0,42.28624781,34.61553044,5.265000988,2.321587631,33.04995289,31.78384392
2013,CS,ufdb,Female,2013-7-9,3,0,42.427922,34.79624452,5.43249449,2.090418765,30.71182664,29.78038619
2013,CS,ufp,Female,2013-7-11,0,1,43.2533097,35.47808382,5.618471766,2.110247905,33.63869573,32.15455194
2013,CS,ugdb,Female,2013-7-3,1,0,42.44537938,35.06057618,4.990348312,1.979752649,33.16332546,32.02202753
2013,CS,ugf,Female,2013-7-5,1,0,41.820111,34.15566978,5.31714856,1.958949469,31.75171829,30.41151985
2013,CS,ugo,Female,2013-7-11,0,0,42.27814301,34.46887969,5.46825068,2.051509619,31.71716265,29.8898388
2013,CS,ulbdb,Female,2013-7-11,0,1,41.95764102,34.32234094,5.216281923,2.001809955,32.4580999,31.0708157
2013,CS,ulbs,Female,2013-7-3,1,0,43.88008888,35.96515717,5.64215043,1.874273663,32.51109376,31.1319968
2013,CS,umc,Female,2013-7-11,0,0,41.92113573,34.15275381,5.409320796,2.266631605,32.58230186,30.88963611
2013,CS,umm,Female,2013-7-3,14,0,42.09038217,34.43016696,5.175507314,1.766470061,32.90256713,31.78519387
2013,CS,umr,Female,2013-7-5,0,0,42.59638765,34.74634854,5.446808511,1.829910931,31.48577614,30.09779721
2013,CS,ums,Female,2013-7-11,0,1,43.58905694,35.31326534,5.70534206,2.200148149,32.55245743,31.39422205
2013,CS,uoc,Female,2013-7-11,0,0,42.85182446,35.06388788,5.490845915,2.29787234,33.81566556,32.24316151
2013,CS,uof,Female,2013-7-11,0,0,44.06695798,36.04647797,5.638338017,2.169482564,33.37709637,31.90999619
2013,CS,uom,Female,2013-7-5,3,0,42.1984415,34.69291658,5.130483905,1.957562439,32.31586272,30.82917559
2013,CS,uos,Female,2013-7-11,0,1,43.45556521,35.60004298,5.32527307,2.055918154,32.66534572,31.30798787
2013,CS,urg,Female,2013-7-11,0,0,42.12579514,35.09635576,5.474042619,2.175317318,32.2756896,30.75407195
2013,CS,urs,Female,2013-7-5,0,0,43.46433056,35.44776633,5.4063072,1.80863579,32.86277465,31.54452734
2013,CS,uru,Female,2013-7-5,0,1,42.01151516,34.04602376,5.380286939,2.022060318,32.39291441,30.66457205
2013,CS,usf,Female,2013-7-5,0,0,43.07212308,35.35422508,5.512650581,2.047975958,33.24484007,31.67494188
2013,CS,usu,Female,2013-7-1,0,0,44.04640234,35.51747063,6.04259065,2.178644447,34.07645209,32.72714419
2013,CS,uup,Female,2013-7-1,0,0,46.31922712,37.27708758,6.276739991,2.06119595,34.70444102,33.18534781
2013,CS,uwf,Female,2013-7-1,2,0,44.32080364,36.20530213,5.763758708,2.117101463,34.01311186,32.38205959
2013,CS,uwg,Female,2013-7-3,0,0,43.76833639,35.68308396,5.621210559,2.042553191,33.64871572,32.03628165
2013,CS,uwlb,Female,2013-7-3,0,0,43.4818039,35.91578223,5.336185483,1.610850488,34.00174797,32.64502921
2013,CS,uvm,Female,2013-7-1,0,0,42.76671959,34.85857088,5.481480405,2.086842525,33.9086347,32.40930922
2013,CS,vco,Female,2013-7-11,0,0,42.38787569,34.67461764,5.538335063,2.070836975,32.74219429,31.56462916
2013,CS,vdbg,Female,2013-7-11,0,0,41.8320869,34.18189567,5.286238615,2.002827336,31.53393315,30.15415719
2013,CS,vff,Female,2013-7-3,0,0,41.68828472,34.21758858,5.106781899,2.06481661,33.09576041,31.64298515
2013,CS,wylb,Female,2013-6-28,15,1,43.39264029,35.11473788,5.587365298,2.086083141,33.25166961,31.89998686
2013,CS,wym,Female,2013-7-6,0,0,43.54067527,35.67130894,5.521143359,2.063829787,33.77417631,32.27407695
2013,CS,yclb,Female,2013-7-6,5,0,44.73110143,36.57865138,5.939257948,2.129361022,33.64643535,32.13295559
2013,CS,ycs,Female,2013-7-5,0,0,43.15536169,35.62312792,5.256395789,2.043107194,33.89971312,32.39383557
2013,CS,ydbdb,Female,2013-7-6,0,0,43.2723172,35.64469298,5.215544201,2.111641834,32.84868962,31.51183213
2013,CS,ydbu,Female,2013-7-15,0,0,43.67253343,35.49845539,5.78973663,2.244151395,33.20118649,31.77066247
2013,CS,yfo,Female,2013-6-28,0,0,44.28561259,36.26852721,5.702286438,1.872461311,33.62008401,32.36131229
2013,CS,yfp,Female,2013-7-15,0,0,41.53257433,33.93809772,5.364403237,1.957909289,31.98077671,30.65536568
2013,CS,yfu,Female,2013-7-15,0,0,43.67949859,36.00368423,5.553354526,2.300333591,34.7339003,33.26187138
2013,CS,ygdb,Female,2013-6-28,0,0,42.73689073,34.78355762,5.301246469,1.821604663,31.69463265,29.98014273
2013,CS,ylbo,Female,2013-7-5,0,0,42.05713525,34.25320464,5.341951126,2.001018301,32.8207879,31.27800231
2013,CS,ylbw,Female,2013-7-15,0,0,42.20953252,34.91086756,5.174195122,1.957909289,32.5953332,31.12465289
2013,CS,ymo,Female,2013-7-6,0,0,42.7024828,35.1869932,5.35735217,2.286516463,32.83132684,31.4431755
2013,CS,ymr,Female,2013-7-15,0,0,42.65002281,35.0774865,5.276767327,2.02675629,33.17061963,31.57267567
2013,CS,yolb,Female,2013-6-28,0,0,43.19559775,35.36172773,5.580312025,2.239001588,33.81839952,32.11347155
2013,CS,yoo,Female,2013-6-28,0,0,42.66984542,34.99758771,5.130483905,2.170212766,32.38194622,30.91231413
2013,CS,cslb,Female,2013-6-12,0,0,45.76655588,36.61949378,5.936322731,1.964833426,34.74431389,33.29725031
2013,CS,cslb,Female,2013-6-12,0,0,45.76655588,36.61949378,5.936322731,1.964833426,34.74431389,33.29725031
2013,CS,cvlb,Female,2013-6-6,41,1,45.76738674,36.53491357,6.06685255,2.371553156,36.09604743,34.44954846
2013,CS,lbsc,Female,2013-7-18,0,0,43.87242297,35.7881448,5.63974289,1.829910931,33.8165344,32.3674857
2013,CS,msc,Female,2013-6-15,0,0,43.591404,35.55117964,5.618995462,2.021724474,33.11809092,31.65789407
2013,CS,msc,Female,2013-6-15,0,0,43.591404,35.55117964,5.618995462,2.021724474,33.11809092,31.65789407
2013,CS,msu,Female,2013-6-15,0,1,42.66764395,35.15322471,5.202638882,2.170629914,33.48781512,32.04700676
2013,CS,msu,Female,2013-6-15,0,1,42.66764395,35.15322471,5.202638882,2.170629914,33.48781512,32.04700676
2013,CS,mup,Female,2013-6-15,0,1,44.97786287,36.7062779,5.53686358,2.171151236,33.6090379,32.08188294
2013,CS,mup,Female,2013-6-15,0,1,44.97786287,36.7062779,5.53686358,2.171151236,33.6090379,32.08188294
2013,CS,mwc,Female,2013-6-15,0,0,44.92428115,37.1276108,5.18140807,2.106490434,33.57151832,31.91449178
2013,CS,mwc,Female,2013-6-15,0,0,44.92428115,37.1276108,5.18140807,2.106490434,33.57151832,31.91449178
2013,CS,mvf,Female,2013-6-15,0,1,43.74654872,35.42630502,5.703754928,2.320027161,34.75816388,33.02344018
2013,CS,mvf,Female,2013-6-15,0,1,43.74654872,35.42630502,5.703754928,2.320027161,34.75816388,33.02344018
2013,CS,oclb,Female,2013-6-15,0,1,43.83011774,35.72341059,5.4681265,2.300333591,33.67736128,32.05731259
2013,CS,oclb,Female,2013-6-15,0,1,43.83011774,35.72341059,5.4681265,2.300333591,33.67736128,32.05731259
2013,CS,odbg,Female,2013-6-15,0,0,45.09177805,36.008399,5.781638409,1.763263775,32.85071653,31.29829716
2013,CS,odbg,Female,2013-6-15,0,0,45.09177805,36.008399,5.781638409,1.763263775,32.85071653,31.29829716
2013,CS,osr,Female,2013-6-8,0,0,44.40629424,35.69800017,6.331208494,2.301415708,34.74569059,33.19026681
2013,CS,pgg,Female,2013-6-8,0,0,44.49161548,36.39614046,5.389030321,2.234954221,34.33851305,32.72967132
2013,CS,pyf,Female,2013-6-28,0,0,43.40677923,35.44911361,5.446850066,2.171880877,33.63705159,32.13754427
2013,CS,rfy,Female,2013-6-20,0,1,44.71124599,36.38799269,5.640184349,1.93803978,34.60258771,32.97084325
2013,CS,rglb,Female,2013-7-12,8,0,43.76763306,36.1705194,5.340595064,1.769158852,33.26828111,31.69839601
2013,CS,rmlb,Female,2013-7-15,0,0,43.14296089,35.46031772,5.53391944,2.128085064,33.48216079,31.85623903
2013,CS,rmlb,Female,2013-7-15,0,0,43.14296089,35.46031772,5.53391944,2.128085064,33.48216079,31.85623903
2013,CS,rpc,Female,2013-6-28,0,0,43.12284662,35.32940123,5.77364644,2.237686997,33.19690114,31.59655785
2013,CS,rrr,Female,2013-6-28,15,0,43.65232095,35.63954269,5.284354282,2.150620785,32.49651034,31.21508204
2013,CS,ruu,Female,2013-6-28,0,0,41.63884147,33.95768677,5.384492261,1.788373497,30.68135966,29.21172397
2013,CS,swc,Female,2013-7-7,0,0,42.22460905,34.62646172,5.281783654,2.293336737,32.39159554,31.24221129
2013,CS,udbdb,Female,2013-7-7,0,0,42.11541838,34.81693702,5.149331794,2.002827336,31.80527765,30.71660981
2013,CS,vfy,Female,2013-7-3,0,0,42.65156714,34.83603188,5.48003496,2.108101598,32.7290473,31.53993448
2013,CS,vfy,Female,2013-7-3,0,0,42.65156714,34.83603188,5.48003496,2.108101598,32.7290473,31.53993448
2013,CS,ymp,Female,2013-6-28,10,0,43.42805459,35.72873251,5.427033584,2.362085459,33.78267201,32.09925827
2013,CS,cdbv,Female,2013-6-4,1,0,42.22267922,34.59499227,5.473091507,1.872461311,32.83967423,31.55998106
2013,CS,cfr,Female,2013-6-4,0,0,45.32458763,36.96068654,5.59772637,2.005537829,34.23894149,32.95395309
2013,CS,cmv,Female,2013-6-24,0,0,43.15691416,35.27751969,5.753539269,1.744680851,33.05142264,31.66945409
2013,CS,cps,Female,2013-7-9,0,0,44.10297531,36.00726751,5.627327746,2.221138008,33.01577967,31.40953933
2013,CS,crf,Female,2013-6-6,4,0,44.46513784,35.85098807,5.935102474,1.878375188,33.1631657,31.86634388
2013,CS,csdb,Female,2013-6-5,0,1,43.3604963,35.37143656,5.77364644,2.086083141,34.31834439,32.59814199
2013,CS,csf,Female,2013-6-5,0,0,41.90506419,33.35167294,5.624913862,1.766470061,32.78089697,31.46855474
2013,CS,cyw,Female,2013-6-5,0,0,43.89547856,35.66119937,5.578608175,2.107349875,34.21396125,32.78905711
2013,CS,dbcc,Female,2013-6-4,0,0,45.53160668,36.60743257,5.957826736,2.005537829,34.13083324,32.47592647
2013,CS,dbcm,Female,2013-6-5,0,1,43.76586953,35.81625307,5.489938944,2.307701594,34.65165194,32.92965147
2013,CS,dbdbm,Female,2013-6-6,0,0,42.88210121,34.74679151,5.607422488,2.448288174,34.73281713,33.07790901
2013,CS,lbow,Female,2013-7-20,0,1,43.21687232,35.37524384,5.514744219,2.17031706,34.59338108,32.57688229
2013,CS,lbro,Female,2013-7-20,0,1,40.29969216,33.19369878,5.085106383,2.064268433,30.38793424,29.06241177
2013,CS,lbsg,Female,2013-7-20,0,0,45.03539677,36.75715271,5.663572416,2.388765769,34.14231796,32.67857678
2013,CS,mrm,Female,2013-7-20,0,1,43.92936942,36.14269917,5.194278985,2.065583813,32.88033288,31.47147326
2013,CS,noo,Female,2013-6-20,0,1,44.91692447,37.04255319,5.426199375,1.93803978,33.269058,32.12934744
2013,CS,oudb,Female,2013-6-8,0,0,42.26115213,34.43453187,5.553558315,1.810512034,33.73748308,32.29795261
2013,CS,owc,Female,2013-6-7,0,0,42.35966632,34.60838925,5.220099054,2.074768118,32.45332547,31.31990202
2013,CS,prg,Female,2013-6-28,6,0,42.39068972,34.62414108,5.340467915,2.063829787,32.81209081,31.4837997
2013,CS,rlbp,Female,2013-6-20,0,1,45.15653575,36.57474038,6.089010799,2.098200311,33.15480481,31.78390181
2013,CS,rvo,Female,2013-6-11,0,1,44.32435287,35.93496716,5.639301396,2.069196794,33.37014623,31.89464072
2013,CS,rwo,Female,2013-6-18,0,1,42.22165529,34.19679155,5.449467436,2.131485921,33.51925169,31.99065628
2013,CS,spr,Female,2013-7-4,0,0,45.53581212,37.44922623,5.43257782,2.07072767,33.67185922,32.37136301
2013,CS,svr,Female,2013-7-4,1,1,42.18028628,33.66853715,5.553232249,1.963104682,32.66253455,31.13761051
2013,CS,udbs,Female,2013-7-20,0,1,40.16465094,33.26081821,4.872758507,2.002827336,30.37989584,29.1218619
2013,CS,uflb,Female,2013-7-4,0,1,42.92096393,34.99182469,5.719606428,2.15566673,33.54466575,31.97328569
2013,CS,ulbc,Female,2013-7-5,0,0,42.72059691,34.78353102,5.470733691,1.873428117,33.38375448,31.98179466
2013,CS,ulby,Female,2013-7-7,0,0,42.64110599,35.07632498,5.412458174,2.173964217,33.33632435,32.28086743
2013,CS,uoy,Female,2013-7-3,0,0,44.31916936,36.34064976,5.490021402,1.723535587,33.60572688,32.10914958
2013,CS,updb,Female,2013-7-4,1,1,43.47083962,36.13407456,5.426199375,1.98603089,33.88525264,32.61674761
2013,CS,vfc,Female,2013-7-9,0,0,42.64620154,34.54077573,5.415844501,2.049301795,32.92278104,31.40453136
2013,CS,ydbm,Female,2013-6-12,0,1,42.49217967,34.57735503,5.468747373,2.023067516,32.40889623,31.05886131
2013,CS,ylbv,Female,2013-6-28,20,0,42.10759247,34.38409125,5.46825068,1.831765383,32.52885792,31.3679555
2013,CS,yof,Female,2013-6-12,0,1,44.68103343,35.97935251,6.021878024,2.425531915,36.33317149,34.55443467
2014,CS,cdbdb,Female,2014-7-6,1,0,45.2709363,36.82265132,5.607422488,2.043550289,30.64656882,29.16854102
2014,CS,cdbo,Female,2014-6-25,0,0,45.1741412,36.78134528,5.652531212,2.299447844,30.30586441,28.72311381
2014,CS,cfo,Female,2014-6-8,0,0,42.07282591,34.45064571,5.341951126,2.021724474,29.92167765,28.50646805
2014,CS,cmw,Female,2014-6-8,0,0,44.1163171,35.94488639,5.708832197,2.149041497,30.92438809,29.50357053
2014,CS,codb,Female,2014-6-25,0,0,41.89033734,33.93753082,5.282854901,2.04974355,28.96232325,27.40556867
2014,CS,cos,Female,2014-6-8,0,0,44.51277913,36.73836632,5.383651459,2.046538665,30.97950591,29.23408568
2014,CS,cou,Female,2014-6-8,0,0,42.96866324,34.80847162,5.596108717,2.002827336,30.53614542,28.87882242
2014,CS,cplb,Female,2014-6-25,0,0,41.72964789,34.34051781,5.199505496,1.875360234,29.3153959,27.87858875
2014,CS,cpo,Female,2014-6-8,0,0,42.32858276,34.28880351,5.323402555,1.943637692,30.00918312,28.46441303
2014,CS,crc,Female,2014-7-17,1,0,40.19397287,33.66024692,4.703330933,2.191592644,23.3954425,27.17326517
2014,CS,crg,Female,2014-6-25,0,0,42.05812551,34.49923074,5.484741582,2.255720558,28.97167447,27.73889774
2014,CS,crv,Female,2014-7-6,0,0,42.58297362,34.5757512,5.282769209,1.899465032,30.55276788,29.22834803
2014,CS,cso,Female,2014-7-17,0,0,44.34067566,35.67554104,5.774783227,2.090418765,30.86573368,29.35237827
2014,CS,cuu,Female,2014-6-25,0,0,44.1379889,35.84868355,5.481480405,2.232725042,26.52680377,28.03578428
2014,CS,cvf,Female,2014-7-17,0,0,39.64836957,32.71376058,4.660351631,1.835838583,27.38839446,26.0989191
2014,CS,cvs,Female,2014-7-6,1,0,42.85472422,34.96039925,5.195019727,2.110247905,29.56303959,28.08377078
2014,CS,cvw,Female,2014-7-17,0,0,45.02981257,36.75060012,5.648525449,2.282949971,31.50519597,30.12354395
2014,CS,dbcr,Female,2014-7-17,0,1,43.76763306,36.72498209,4.978905252,1.979180913,31.4008633,30.39077839
2014,CS,dbfu,Female,2014-7-18,0,0,43,35.25676367,5.352660394,2.154091142,29.468505,28.25431701
2014,CS,dbpu,Female,2014-6-12,0,1,42.34251037,34.23248215,5.258806664,1.974027831,29.45138547,28.00308981
2014,CS,dbpw,Female,2014-6-12,0,1,40.95799944,33.39305951,5.207031149,2.022060318,28.71490604,27.40301007
2014,CS,dbslb,Female,2014-6-12,0,1,44.5064733,35.83373532,5.989314463,2.164050492,30.90156193,29.6100039
2014,CS,dbsy,Female,2014-7-10,0,0,42.95078616,34.87581279,5.15938802,2.070071719,28.77150427,27.65575801
2014,CS,dbyy,Female,2014-7-16,4,0,43.75813706,35.77023529,5.162151144,2.298758694,29.99545462,28.59758773
2014,CS,ffdb,Female,2014-6-28,0,0,43.38270742,35.69678275,5.53195581,2.152724699,29.11380849,27.83354516
2014,CS,ffg,Female,2014-7-10,12,0,42.06423874,34.49886333,5.645078219,2.048970416,29.78729074,28.54969656
2014,CS,fgp,Female,2014-7-16,0,0,41.73043438,33.88148732,5.437200635,1.936170213,30.10071833,28.63547775
2014,CS,fmg,Female,2014-7-16,0,0,40.24209782,32.78121364,5.154603879,1.931019569,28.19712293,27.13847746
2014,CS,folb,Female,2014-7-16,0,0,43.58119961,35.57945603,5.428868394,2.044325472,29.88575337,28.87464349
2014,CS,fry,Female,2014-7-16,0,0,46.10278437,37.87187425,5.618995462,2.380412752,32.37440429,30.91826866
2014,CS,fum,Female,2014-7-9,1,0,43.51665151,35.89737523,5.157413454,1.853019266,29.71820578,28.51844863
2014,CS,fup,Female,2014-7-16,1,0,42.3671732,35.30572675,4.902674319,2.195204453,28.88620909,28.00774301
2014,CS,fvf,Female,2014-6-7,0,0,42.65271871,34.63085418,5.373888549,2.023067516,29.21533473,27.80408545
2014,CS,fwg,Female,2014-6-7,1,0,42.27072205,34.57229453,5.322594629,2.022284183,30.44898184,28.88756752
2014,CS,fwm,Female,2014-7-9,0,0,44.24767221,36.15259897,5.52479083,2.127765955,30.55485055,29.38558924
2014,CS,fvp,Female,2014-6-7,0,0,41.77946043,33.89580738,5.372498418,2.149041497,30.32954178,28.97271893
2014,CS,fvu,Female,2014-7-10,0,0,42.47163461,34.54040876,5.006514543,1.854118292,27.3795684,26.1421039
2014,CS,fvy,Female,2014-7-10,0,0,41.70217651,34.1541323,5.233739829,1.834235069,28.27481079,27.0047644
2014,CS,gcp,Female,2014-6-7,0,0,44.05330324,36.11812269,5.349953355,2.309760423,30.72737486,29.43296568
2014,CS,gdbg,Female,2014-6-7,0,0,41.4615728,33.91237076,5.021456903,2.127340402,30.20854756,28.83900373
2014,CS,gdblb,Female,2014-6-7,0,0,44.45023565,36.09314694,5.611901277,2.213175085,30.84322539,29.26422558
2014,CS,gff,Female,2014-6-7,0,0,43.25896103,35.47134601,5.258074908,2.260231503,28.54119076,27.18433761
2014,CS,gflb,Female,2014-6-7,0,1,41.34675437,33.19866944,5.392389386,2.157451005,20.23683837,26.77922413
2014,CS,gfv,Female,2014-6-7,0,0,44.1000601,35.0086971,6.173183437,2.533612876,30.94288785,29.26648727
2014,CS,ggo,Female,2014-7-10,0,0,42.78319225,35.11827652,5.363770287,1.936637774,30.2695594,29.06161393
2014,CS,glbr,Female,2014-6-7,0,0,41.64319001,33.39588593,5.5368227,2.090851832,30.01630593,28.13102
2014,CS,gmf,Female,2014-7-1,0,0,43.50204358,35.439458,5.574508689,2.213175085,29.31326441,28.05644693
2014,CS,gmm,Female,2014-6-28,0,0,43.81080461,36.36934546,5.361870987,2.042996406,29.83921885,28.27793687
2014,CS,gps,Female,2014-6-28,0,0,44.76715576,36.89437777,5.192579237,2.234447785,30.78690294,29.57748297
2014,CS,grv,Female,2014-7-10,0,0,41.8711836,34.29729818,5.0028964,1.855460662,27.9615755,26.60750833
2014,CS,gsdb,Female,2014-7-9,0,1,43.09498179,35.17368147,5.235599146,2.001018301,29.40076847,27.67316642
2014,CS,gsg,Female,2014-6-28,6,0,43.72904141,35.66008861,5.625155297,2.108101598,29.64386323,28.19324024
2014,CS,gvo,Female,2014-7-9,0,1,41.57776724,33.85415956,5.02776357,2.110247905,28.68870602,27.49027851
2014,CS,gyc,Female,2014-6-9,6,0,49.37703815,40.68926847,5.50648821,2.389239496,34.45296175,33.5677109
2014,CS,lbcc,Female,2014-6-6,3,0,42.60680134,34.96700249,5.183286159,2.138271409,28.99188771,27.50821036
2014,CS,lbcm,Female,2014-7-1,3,1,43.15336857,35.31870033,5.391213951,2.042553191,28.90328914,27.41082038
2014,CS,lbdbc,Female,2014-6-6,0,0,41.94165362,34.35737408,5.225299738,2.235663039,28.90840153,27.5312295
2014,CS,lbdbg,Female,2014-6-6,0,0,43.3976476,35.51547588,5.210681303,2.261733152,28.69040419,27.0599701
2014,CS,lbdbr,Female,2014-6-6,4,0,41.98028165,34.91927572,5.24842342,2.302693917,29.8344577,28.48619071
2014,CS,lbdbv,Female,2014-6-6,0,0,41.96567288,34.48474118,5.065974872,2.142923968,28.55702605,27.24472833
2014,CS,lbflb,Female,2014-6-9,0,1,44.40082973,36.00499186,5.46572513,2.344001137,29.94592775,28.63023522
2014,CS,lbfm,Female,2014-6-6,0,0,42.70689793,34.936695,5.399478539,2.298758694,29.70447377,28.4498895
2014,CS,lbgdb,Female,2014-7-9,0,0,42.58633815,34.35786159,5.345678522,1.888709874,29.1598654,28.06276524
2014,CS,lbgm,Female,2014-6-6,0,0,43.40903186,35.63776437,5.433202754,2.290867969,30.16977763,28.61673544
2014,CS,lbgu,Female,2014-7-10,0,0,43.98640166,36.13042242,5.333682273,1.920676846,30.06520748,28.56199308
2014,CS,lblbc,Female,2014-6-6,0,0,41.76752363,34.04638276,5.341442643,2.152724699,29.18233463,27.64209731
2014,CS,lblbv,Female,2014-6-6,1,1,42.74621117,35.16084106,5.274278832,2.131485921,29.19489831,27.72846551
2014,CS,lbms,Female,2014-6-6,0,0,42.45701898,34.39268085,5.483627221,2.370216586,30.29065188,28.82774674
2014,CS,lbodb,Female,2014-6-6,0,0,44.03854951,34.96842655,5.795871214,2.516401607,29.47809638,28.24812344
2014,CS,lbpc,Female,2014-7-10,0,0,43.3463997,35.14953505,5.236161135,2.001018301,30.98555926,29.39721388
2014,CS,lbrc,Female,2014-6-27,0,1,42.39644535,35.05630213,5.489196765,2.109067707,29.91527932,28.80874321
2014,CS,lbss,Female,2014-6-9,0,0,43.87234558,35.63845665,5.511007956,2.045321705,30.13669679,28.5871102
2014,CS,lbup,Female,2014-6-9,0,0,42.18472387,34.16107692,5.386803788,2.149883928,29.87893153,28.42031303
2014,CS,lbus,Female,2014-6-9,0,1,40.44011495,33.01058859,5.222266635,2.31445944,28.88026287,27.30723052
2014,CS,lbvlb,Female,2014-6-9,0,1,42.60051092,34.84603008,5.348726278,2,30.11270686,28.48705558
2014,CS,lbvv,Female,2014-7-16,0,0,41.25063891,33.8191138,5.188218363,1.862887161,28.31163743,27.26151358
2014,CS,lbyf,Female,2014-6-27,0,1,42.32570042,34.75054347,5.117452541,2.301415708,29.50800273,28.05358229
2014,CS,mco,Female,2014-6-9,0,1,44.6404123,36.44553537,5.428910087,2.072694277,30.19615018,29.02005887
2014,CS,mdbu,Female,2014-6-27,0,1,43.26837827,35.23991368,5.40316625,2.157451005,30.32545231,28.99426183
2014,CS,mfo,Female,2014-7-9,0,0,43.84597924,35.87078187,5.453204357,2.106490434,27.88426473,27.64164659
2014,CS,mgw,Female,2014-7-12,0,0,40.52002953,33.30398965,4.906966067,2.047975958,28.38476247,27.03212749
2014,CS,mmg,Female,2014-7-10,0,0,42.42259214,34.92562103,5.15442823,2.069196794,30.27128522,28.73947928
2014,CS,mmr,Female,2014-6-27,0,0,44.56941016,36.28330256,5.637655523,2.196750553,29.78988477,28.5271147
2014,CS,mmu,Female,2014-6-27,0,1,42.28290758,34.76251969,5.275094158,1.922443744,29.95317878,28.51995589
2014,CS,mou,Female,2014-7-12,0,0,42.44806696,34.91115283,5.195847491,2.0040701,29.6670713,28.48385531
2014,CS,mpr,Female,2014-6-27,0,1,46.59535607,37.87182644,5.661413875,2.420113395,30.72235433,29.21580283
2014,CS,mso,Female,2014-7-12,0,0,42.58001282,34.74599026,4.947895099,1.894692499,28.97116016,27.87206405
2014,CS,mvg,Female,2014-6-25,0,0,43.5260702,35.91707415,5.377088696,2.15566673,29.97088561,28.62988523
2014,CS,mwm,Female,2014-7-17,0,0,40.75058565,33.52059967,5.001131606,2.009146131,27.61485254,26.62136479
2014,CS,mydb,Female,2014-7-18,0,0,41.97533174,34.83293244,4.760873048,2.016231105,28.44059249,27.54857726
2014,CS,ofg,Female,2014-7-6,0,0,42.97520525,35.1086782,5.128763014,2.221138008,30.05938072,28.57800022
2014,CS,ofo,Female,2014-7-6,0,1,43.58164107,35.97935251,5.276981798,2.236574047,30.67272847,29.37249427
2014,CS,ogg,Female,2014-7-6,0,1,43.5808776,35.23792892,5.446808511,2.037338201,30.13207312,28.41234651
2014,CS,olbr,Female,2014-7-12,0,0,44.76082003,36.80721926,5.30879844,1.984320613,30.19460381,28.75244123
2014,CS,olbw,Female,2014-7-6,2,0,42.99793125,35.36616327,5.174457587,2.203951347,30.16339971,29.12331904
2014,CS,omr,Female,2014-7-6,0,0,44.1216732,35.9362269,5.413210874,2.322172536,29.71115778,29.36038425
2014,CS,omu,Female,2014-7-6,0,1,43.33219404,35.85990168,5.002217706,2.272216906,30.41500874,28.89013297
2014,CS,ooc,Female,2014-7-17,0,0,44.1593169,36.59649307,5.127792,1.959296074,29.73605474,28.37883203
2014,CS,oos,Female,2014-7-17,0,1,44.35182297,36.55639275,5.160177635,2.021276596,30.58402025,29.26416894
2014,CS,osg,Female,2014-7-17,0,0,43.09574337,35.36170853,5.458141468,1.893617021,29.47168303,28.2297397
2014,CS,osy,Female,2014-7-17,0,1,42.52906231,34.8320292,5.288978264,1.857045849,30.17969649,28.76380132
2014,CS,ovs,Female,2014-7-6,0,0,45.28419889,36.85988912,5.536005035,2.196544469,30.2609106,28.95433941
2014,CS,ovu,Female,2014-7-6,0,0,44.59810474,36.79107938,5.087286989,2.235663039,30.26776689,28.74218072
2014,CS,oyg,Female,2014-7-18,0,0,40.52286714,34.2151542,4.685684159,2.107349875,29.35377609,28.25872527
2014,CS,pdbv,Female,2014-6-5,0,0,42.09180722,35.59063183,4.977541231,2.39529492,29.88242264,28.31580615
2014,CS,pgc,Female,2014-6-5,0,0,42.13553011,33.93577002,5.53719061,2.47696495,29.43664018,27.94182842
2014,CS,pmv,Female,2014-6-17,0,1,42.86787897,34.63857232,5.62282099,2.389239496,30.26684932,28.89767284
2014,CS,ppw,Female,2014-6-18,0,0,42.95659848,35.04911512,5.372709067,2.301514057,29.07967289,27.68884279
2014,CS,pwlb,Female,2014-6-17,0,0,43.48938252,35.93894778,5.414966768,2.085540554,28.88559295,27.50670831
2014,CS,pydb,Female,2014-6-17,0,0,43.18952411,34.87171731,5.53780374,2.170629914,31.10665775,29.62751289
2014,CS,rcy,Female,2014-6-17,0,1,43.13876354,35.02138001,5.579013901,2.028765522,30.19752309,28.61622307
2014,CS,rflb,Female,2014-6-5,3,0,43.60605986,34.98650066,5.725934741,2.106812765,29.90628948,28.52223643
2014,CS,rfo,Female,2014-6-5,0,0,42.91350117,34.96506049,5.246698071,2.280866942,29.37920791,28.19862647
2014,CS,rfr,Female,2014-6-18,0,1,43.84024354,35.23364426,5.365922014,2.568130057,31.19915045,29.78096644
2014,CS,rfy,Female,2014-6-17,0,1,41.85111251,33.93713065,5.324295383,1.897915275,29.49357975,27.7719998
2014,CS,rlbs,Female,2014-6-17,0,1,41.93405437,33.86309748,5.437200635,2.176877543,29.26792149,27.95546167
2014,CS,rvg,Female,2014-6-18,0,0,44.57599144,36.50680062,5.454158937,2.272216906,31.14935349,29.93236354
2014,CS,sdbm,Female,2014-6-15,0,1,42.25628869,34.30222769,5.383651459,2.043550289,28.81580033,27.41339577
2014,CS,sdbo,Female,2014-6-10,0,1,44.0767726,35.43403514,6.120711191,2.453552224,30.6647339,29.02580488
2014,CS,sgy,Female,2014-6-15,0,0,43.06955327,35.18503761,5.282769209,2.198089627,29.41362928,27.78886199
2014,CS,spf,Female,2014-7-18,0,0,44.94978839,36.79477053,5.378056786,2.141761776,29.28494826,27.98418703
2014,CS,suf,Female,2014-6-15,0,1,42.98039285,35.05203401,5.59833287,2.213686388,31.13741181,29.83514242
2014,CS,svm,Female,2014-6-15,0,1,43.62813558,35.57266106,5.513964329,2.001018301,29.62431837,28.17769387
2014,CS,svr,Female,2014-6-15,0,0,42.56008455,34.79764305,5.212939641,1.916783937,29.83474518,28.25675194
2014,CS,udbs,Female,2014-6-15,0,0,42.59643016,34.97361095,5.490845915,2.023067516,31.85399758,30.16488682
2014,CS,udbu,Female,2014-6-10,0,0,42.87808947,34.58831801,5.256395789,2.087818471,29.85349198,28.43041317
2014,CS,ufp,Female,2014-6-10,0,1,42.85592844,35.19876948,5.322424523,2.089010674,30.09501244,28.70729826
2014,CS,umo,Female,2014-6-10,0,1,41.44065335,33.83373455,5.06423206,2.140916149,29.87956811,28.60085986
2014,CS,uoo,Female,2014-6-10,0,0,43.02129764,35.08603537,5.258806664,2.021724474,29.20478381,27.969859
2014,CS,ury,Female,2014-7-18,0,1,43.20073269,35.96049339,5.072583173,1.745848079,29.30893817,28.06211187
2014,CS,usu,Female,2014-6-22,0,0,43.21368783,35.16892559,5.49599632,2.148409457,29.14388807,27.95474894
2014,CS,uwr,Female,2014-6-22,0,0,41.72003523,34.1524622,5.382978723,1.980552803,29.46948682,28.21511762
2014,CS,uws,Female,2014-6-22,33,0,45.60505658,37.90049754,5.085506973,2.042996406,27.43606189,26.29652836
2014,CS,uyo,Female,2014-6-22,0,0,42.62594313,35.29045874,5.650849137,2.148409457,30.66877579,29.24961062
2014,CS,uyv,Female,2014-6-22,8,0,40.71916317,32.93127678,5.304021041,1.889668367,28.1333211,26.81121891
2014,CS,uyw,Female,2014-6-22,0,0,40.76796179,33.2979811,5.132998016,1.950264343,28.53545937,27.29601297
2014,CS,vclb,Female,2014-6-22,0,0,42.50218219,34.1509776,5.809913321,2.106490434,30.23474038,29.09001477
2014,CS,wcu,Female,2014-7-8,0,0,43.7891673,35.92765353,5.155262511,1.93803978,29.53171027,28.03144088
2014,CS,wcy,Female,2014-6-12,0,1,42.61168852,34.72192451,5.470775065,2.112713462,29.02171791,27.74640346
2014,CS,vdbg,Female,2014-7-18,0,0,43.23555555,35.43128188,5.278697248,2.069196794,29.93359478,28.47654167
2014,CS,wdbg,Female,2014-6-12,0,0,41.78715279,34.1217828,5.280069207,2.103372015,29.407283,28.05541836
2014,CS,wdbw,Female,2014-7-8,0,1,42.32483943,34.12231348,5.154252574,1.98603089,28.6581105,27.40168756
2014,CS,vfc,Female,2014-7-18,0,0,43.48874755,35.43524881,5.579379029,2.117101463,31.3256098,29.84755414
2014,CS,vfu,Female,2014-6-15,2,1,42.70348459,34.55581166,5.362082053,2.021388575,28.4897809,27.11343783
2014,CS,vfy,Female,2014-6-22,0,0,44.28751897,36.13695592,5.620002433,2.30515002,30.38744871,28.85445993
2014,CS,wglb,Female,2014-7-5,0,1,42.26568834,34.85652543,5.214502533,1.950264343,29.06649656,27.75040159
2014,CS,wgm,Female,2014-7-5,0,0,43.068087,34.96780515,5.509282672,2.091717699,28.77118509,27.46677359
2014,CS,vgo,Female,2014-6-16,37,1,43.59848075,34.88667549,5.658134515,2.19314129,30.30711103,28.54213584
2014,CS,wgs,Female,2014-6-30,0,1,44.12575654,35.80924387,5.859761427,2.229986186,30.01497633,28.94839305
2014,CS,wlbf,Female,2014-7-5,0,0,44.23150444,35.88726627,5.801336073,2.329568629,30.29092528,28.85715586
2014,CS,vms,Female,2014-7-9,0,1,40.77886461,33.22172654,4.934152192,1.909329979,27.01847613,25.84739903
2014,CS,vmw,Female,2014-6-16,0,1,43.34703153,34.93462173,5.854196453,2.136259217,30.1018448,28.65986423
2014,CS,wmw,Female,2014-7-4,2,1,43.3635865,35.00233453,5.747871454,2.166663765,30.55118004,29.40584083
2014,CS,vpu,Female,2014-7-16,0,0,43.66351958,35.83969767,5.066913061,2.336941314,30.14798239,28.94965329
2014,CS,wrm,Female,2014-6-16,0,1,41.67483366,34.33310186,5.362757411,2.170629914,30.76709032,29.45780292
2014,CS,vsy,Female,2014-6-16,0,0,44.30643529,36.10284715,5.769136283,2.110247905,29.327082,27.89364424
2014,CS,vuc,Female,2014-6-12,0,1,44.67615477,36.07377632,5.577756055,2.15566673,30.7741176,29.56692507
2014,CS,wudb,Female,2014-6-30,0,0,44.41465792,36.7543446,5.661014055,2.563984281,30.97633983,29.34213126
2014,CS,wus,Female,2014-6-30,0,1,41.99905149,33.96830334,5.216542271,2.074768118,29.47920924,27.87137448
2014,CS,wuy,Female,2014-7-5,0,0,43.56670684,35.55971011,5.429702194,2.340812347,30.77237331,29.25814158
2014,CS,vvdb,Female,2014-6-30,0,1,43.23974351,35.48533703,5.523930408,2.269725166,30.49042732,29.15444884
2014,CS,wwf,Female,2014-6-16,0,0,44.02169308,36.56077622,5.565080613,2.180617528,31.10688771,29.63928829
2014,CS,vvm,Female,2014-7-5,0,0,39.38326034,32.17066306,4.702175796,1.787360684,26.37735578,25.25181249
2014,CS,wvr,Female,2014-6-30,0,0,41.28267119,34.14052392,5.429702194,2.110247905,29.70269541,28.12508073
2014,CS,vws,Female,2014-6-12,0,1,42.61702659,34.80929745,5.330031421,2.157451005,29.79174326,28.27699647
2014,CS,wvu,Female,2014-6-12,0,1,44.83346782,36.5626087,5.744720252,2.532004289,29.80290371,28.28048381
2014,CS,vwv,Female,2014-7-8,0,0,43.828491,36.08789757,5.39016424,2.288594351,30.17205769,28.66927711
2014,CS,vyc,Female,2014-7-5,0,0,39.58583685,33.70076426,4.680125669,1.517216722,28.33054075,27.11396087
2014,CS,wyc,Female,2014-7-9,0,0,43.06593217,35.28029137,5.558772772,2.617799573,29.01380763,27.64289702
2014,CS,vym,Female,2014-6-12,0,0,41.75455888,33.99721049,5.231879851,2.224701851,28.87439319,27.58618448
2014,CS,wyp,Female,2014-7-16,0,0,40.5535487,33.13465538,5.143526259,2.001018301,29.65955852,28.25276484
2014,CS,wyy,Female,2014-7-5,13,0,42.97087036,35.31236156,5.180053676,2.356713151,28.77549031,27.42898057
2014,CS,ycm,Female,2014-7-16,0,0,43.98399334,35.82074607,5.342501927,2.07072767,29.46533885,28.1416027
2014,CS,ydbp,Female,2014-7-8,0,0,46.08512603,37.68085707,5.617182461,2.272216906,30.02605589,28.18575743
2014,CS,ydbs,Female,2014-7-8,0,0,42.29896933,34.78761793,5.09048945,2.13286597,28.99294688,27.66737259
2014,CS,yfu,Female,2014-7-16,0,0,44.51163499,36.30089035,5.379445481,2.086842525,30.34164154,25.65530836
2014,CS,yglb,Female,2014-7-4,0,0,43.13648106,35.11298455,5.043271338,2.072694277,29.14453559,28.03944926
2014,CS,ylbdb,Female,2014-7-4,0,0,44.36285013,36.30994287,5.239834194,1.959296074,31.01847461,29.76841681
2014,CS,ylbg,Female,2014-7-16,0,0,43.38365176,35.60835834,5.420356313,2.088360466,29.98345983,28.71504028
2014,CS,ylbr,Female,2014-7-4,0,0,42.71043819,34.7343863,4.956533566,1.936170213,29.29160093,27.75838305
2014,CS,ylbs,Female,2014-7-4,0,0,42.63643454,34.95211107,5.345551494,1.984320613,28.79046688,27.60120982
2014,CS,ymo,Female,2014-7-4,0,0,42.3143296,34.38503917,5.354140226,1.99456028,29.04559205,27.73112773
2014,CS,yoc,Female,2014-7-5,0,0,42.63838281,34.53201977,5.4681265,2.172818627,28.37632186,27.46574445
2015,CS,ccs,Female,2015-7-18,0,1,43.26824147,34.94739226,8.321209042,2.613893828,32.00646431,31.69316527
2015,CS,ccv,Female,2015-6-13,0,0,41.81322919,33.17822792,8.661557023,2.927211921,33.38384133,33.48016256
2015,CS,cdbw,Female,2015-7-21,0,1,41.87058251,34.18901024,7.683981035,2.119316739,30.70850902,30.79181483
2015,CS,cfs,Female,2015-7-21,2,1,44.24375159,36.06306409,8.191516383,2.520260774,32.84241385,32.57894336
2015,CS,crlb,Female,2015-7-3,0,1,39.81457963,32.27929473,7.535615105,2.564317162,31.19237787,31.30750148
2015,CS,crs,Female,2015-7-3,0,1,43.46762764,35.25642621,8.214892896,2.45980442,31.83957963,31.70252096
2015,CS,cru,Female,2015-7-3,0,0,44.34450089,35.77296588,8.573795614,2.541414783,33.78354712,34.00466726
2015,CS,csf,Female,2015-7-21,0,1,42.42165354,35.14500042,7.284425536,2.647955296,32.99327957,33.04435484
2015,CS,cso,Female,2015-7-3,0,1,41.21163322,33.76096012,7.450681568,2.71008382,30.40109644,30.59707264
2015,CS,cuo,Female,2015-7-3,0,1,44.02708069,36.06847007,7.958682584,2.373033613,33.26733765,33.34008128
2015,CS,cus,Female,2015-7-21,0,1,42.92187791,35.21811024,7.705147744,2.540356447,32.53754763,32.59917238
2015,CS,cvdb,Female,2015-7-3,0,1,43.15979595,34.94629583,8.215409364,2.308724917,34.92799509,35.05991872
2015,CS,cvf,Female,2015-7-3,0,1,42.57067564,34.91807637,7.67181441,2.732554398,33.38032766,33.1771082
2015,CS,cvs,Female,2015-7-21,1,1,43.64723563,35.22394801,8.424591483,2.41337736,32.43996063,32.40408517
2015,CS,cwu,Female,2015-7-3,0,0,41.65178647,33.40325121,8.255262044,2.879917027,31.37685209,31.48893404
2015,CS,cww,Female,2015-7-3,0,1,41.5833164,34.11115486,7.472597579,2.730835662,30.77293201,32.22886857
2015,CS,cvy,Female,2015-7-3,19,0,43.44697739,34.96162476,8.487875709,2.26493523,33.62762891,33.58685547
2015,CS,cyp,Female,2015-7-18,0,1,44.04792566,35.94107612,8.106849547,2.391931251,33.79545762,33.54878503
2015,CS,dbcf,Female,2015-7-3,0,0,42.83084413,34.33994581,8.491042249,3.016387266,34.37840996,33.64776056
2015,CS,dbco,Female,2015-7-18,0,0,44.94928033,37.02906189,7.920421641,2.183866734,30.23070019,30.01303023
2015,CS,dbcy,Female,2015-7-21,0,0,42.74765896,35.18732114,7.560782322,2.329205825,32.51298366,32.49952163
2015,CS,dbdbc,Female,2015-7-21,0,0,42.42145034,34.62998476,7.811921091,2.434264669,33.72520955,33.46970832
2015,CS,dbdbo,Female,2015-7-3,0,0,41.40728135,33.38859538,8.022881212,2.350364067,32.15513928,32.59265515
2015,CS,dbdbp,Female,2015-7-3,0,1,42.11088392,34.38912878,7.726111252,2.711404623,33.82696427,33.68864829
2015,CS,dbff,Female,2015-6-29,0,0,42.50718398,34.48995005,8.024443316,3.492765219,33.71304928,33.94464906
2015,CS,dbfg,Female,2015-6-29,0,0,42.64323512,34.50008043,8.150944035,2.417551435,32.27668275,32.0345483
2015,CS,dbgdb,Female,2015-6-29,3,0,39.801905,32.40258234,7.408470917,2.793442554,30.40603675,30.59900093
2015,CS,dbglb,Female,2015-6-29,0,1,42.16665397,33.63912031,8.531127762,2.796888494,32.23595166,32.26070824
2015,CS,dbgu,Female,2015-6-29,0,0,39.81471933,31.92058251,7.904368809,3.197294895,31.80297816,31.54823046
2015,CS,dbgv,Female,2015-6-29,0,0,43.35539328,35.04013631,8.318948438,3.135246804,32.72649014,32.73110236
2015,CS,dbmm,Female,2015-6-29,0,0,41.34031835,33.07934553,8.278888324,2.669105072,31.13913513,30.884688
2015,CS,dbms,Female,2015-7-7,0,1,43.29233765,35.10452121,8.191761917,2.182736432,33.09077343,32.98357675
2015,CS,dbor,Female,2015-7-7,0,1,43.21039709,35.20596478,8.005046143,2.32833799,33.50807722,33.3995555
2015,CS,dbou,Female,2015-7-7,0,1,42.72852002,34.75365337,7.980103294,2.370764542,33.13344128,33.2103611
2015,CS,dbrw,Female,2015-6-29,0,0,40.70389044,33.14379392,7.560782322,2.550656168,31.85810262,31.8090784
2015,CS,dbsc,Female,2015-6-29,0,0,41.6809415,33.67757176,8.026898654,2.645923292,31.6265748,31.55588011
2015,CS,dbsdb,Female,2015-6-29,0,0,43.73743121,35.73364237,8.004402675,3.029502159,32.89743459,32.85181399
2015,CS,dbsu,Female,2015-7-22,0,1,43.88635171,35.71388536,8.172572178,2.75167217,33.30861697,33.32556727
2015,CS,dbup,Female,2015-7-22,0,1,43.62554822,35.59455592,8.031225129,2.079620693,33.17220388,33.22724367
2015,CS,dbvlb,Female,2015-7-22,0,1,42.92610702,34.90442384,8.02355008,2.49848023,32.82851791,33.17061214
2015,CS,dbwu,Female,2015-6-30,0,0,41.27261451,33.02583185,8.255693845,3.026839387,32.61633435,32.79545551
2015,CS,fmdb,Female,2015-6-30,1,1,43.05910168,34.78309203,8.276428753,2.711404623,34.33674329,34.24199475
2015,CS,fmp,Female,2015-6-13,0,1,41.26916434,33.27634409,8.002023537,2.652688172,32.0485014,32.17566463
2015,CS,for,Female,2015-6-30,0,0,41.97163661,33.64175345,8.340648548,2.731242062,33.79572856,34.19621963
2015,CS,fos,Female,2015-6-30,0,1,41.53029803,33.37990856,8.154567776,2.582338498,32.9597134,33.00886885
2015,CS,frf,Female,2015-6-30,0,0,42.55437304,34.76455846,7.79006858,2.645838625,31.31768055,31.3258636
2015,CS,frg,Female,2015-6-30,0,1,42.40049107,34.56601897,7.83811701,2.71008382,33.62575777,33.38763864
2015,CS,fry,Female,2015-6-30,0,0,40.99991957,33.23255017,7.771065109,3.005748878,32.52385276,32.53613581
2015,CS,fsf,Female,2015-6-13,0,0,39.86024045,33.39044958,6.477567522,2.691169249,32.15732368,32.56440183
2015,CS,fsv,Female,2015-6-30,0,1,41.86895267,34.20540174,7.668923038,2.795288291,34.01316993,33.85774702
2015,CS,fug,Female,2015-6-13,10,1,42.43938278,33.95182457,8.488087376,2.159939887,33.33438109,33.2330497
2015,CS,fuu,Female,2015-6-13,0,0,41.61926171,34.05755652,7.57501905,2.688172043,33.48124206,33.14021886
2015,CS,fwlb,Female,2015-7-6,8,1,42.38049276,34.32778342,8.065515198,2.159939887,33.96333926,33.98837736
2015,CS,fvp,Female,2015-7-6,0,1,44.43804081,35.77733469,8.678765558,1.952967573,33.6144357,33.59158835
2015,CS,fws,Female,2015-6-30,2,0,41.3682457,32.91292016,8.456121412,2.902620439,33.62703412,33.27481162
2015,CS,fvw,Female,2015-6-30,0,0,42.76350859,35.35484718,7.40982982,2.709423419,33.13593472,33.22351621
2015,CS,fvy,Female,2015-6-30,0,0,42.55190924,34.61898654,7.938531877,2.397824062,33.21259843,33.15866353
2015,CS,fyc,Female,2015-6-30,0,1,42.69736686,34.97109474,7.726314453,2.604279909,31.60875667,31.75368301
2015,CS,fylb,Female,2015-6-30,0,0,43.55548218,34.47198374,9.083502667,2.734522902,31.75970705,32.2421662
2015,CS,fys,Female,2015-7-6,0,0,44.19441199,36.07156041,8.128045889,2.39333672,31.6330243,31.39170688
2015,CS,gcc,Female,2015-6-30,0,0,44.814423,36.44917027,8.378943358,2.117623402,30.14149733,30.01525273
2015,CS,gclb,Female,2015-6-30,0,0,42.50602405,34.42402421,8.086681907,2.399411565,31.81708365,31.74111422
2015,CS,gcu,Female,2015-6-30,3,0,42.71553636,34.35618491,8.362564558,2.222606045,31.84146347,31.24668106
2015,CS,gcv,Female,2015-6-30,0,0,42.06099822,33.90862332,8.152510372,2.478765558,31.82016552,31.93006096
2015,CS,gdbdb,Female,2015-6-30,0,0,44.8978791,36.24317162,8.657598849,2.815252731,33.6089133,33.73524469
2015,CS,gdbp,Female,2015-6-30,0,0,42.03785031,34.0183854,8.025560918,2.667005334,33.17739184,32.97275845
2015,CS,gdbu,Female,2015-6-30,0,0,42.20260351,33.86364406,8.341135382,2.287570908,33.07765642,32.88015198
2015,CS,gfc,Female,2015-7-6,0,1,42.84889086,34.28867158,8.560803488,2.074447549,31.30129329,31.42360088
2015,CS,ggg,Female,2015-6-13,0,0,41.62208958,32.99544492,8.636250106,2.373033613,32.14757853,31.74426171
2015,CS,ggo,Female,2015-6-30,1,0,40.92893489,32.67233088,8.25675218,2.456798747,32.72281771,32.25481543
2015,CS,ggr,Female,2015-7-6,0,1,42.27410888,34.12265261,8.170789942,2.310663788,32.29171112,32.34475277
2015,CS,glbg,Female,2015-6-30,0,1,41.4813352,33.93617391,7.552451105,2.518838371,32.17831047,31.95636906
2015,CS,glbp,Female,2015-7-6,0,1,42.90534248,34.63083143,8.27837609,2.274705783,33.93918805,33.68141563
2015,CS,gmc,Female,2015-6-30,0,0,43.47200068,35.86000339,7.630886462,2.106167979,32.07411311,32.46099822
2015,CS,gmf,Female,2015-6-24,0,0,41.76926171,33.77260181,8.001714503,3.037477775,31.81630472,31.90134409
2015,CS,gmg,Female,2015-6-24,0,0,41.06341969,32.89309119,8.170595208,2.520260774,32.28999026,32.18978706
2015,CS,gmo,Female,2015-6-24,0,0,43.73227076,35.39438236,8.340356447,2.646177292,33.03720684,33.25590975
2015,CS,gou,Female,2015-6-28,0,0,42.86333926,35.16127339,7.708199983,2.52319448,32.60378884,32.69682711
2015,CS,gpf,Female,2015-7-6,11,1,41.74088562,34.50215054,7.239293879,2.307560748,33.08176276,33.1745936
2015,CS,grr,Female,2015-6-24,0,0,41.4480696,33.3828592,8.065210397,2.860325121,33.09690543,33.22572813
2015,CS,gsr,Female,2015-7-6,0,1,41.55016933,34.03776141,7.521810177,2.1166709,32.40821268,32.73158073
2015,CS,gsy,Female,2015-6-24,0,0,43.58233426,35.51774194,8.064765896,2.668347303,32.36305351,32.13196596
2015,CS,gus,Female,2015-6-28,0,0,40.93781644,33.18940818,7.753517907,3.049182965,33.12849886,32.98915629
2015,CS,guu,Female,2015-6-24,0,0,41.74359072,33.97404961,7.77002794,2.730505461,32.8328211,32.91664127
2015,CS,guw,Female,2015-6-24,4,0,42.12239438,34.14704513,7.987956143,2.837050207,32.93520447,33.16307044
2015,CS,gvw,Female,2015-7-6,0,0,41.7319575,33.71341969,8.043793921,2.455338244,31.71241639,32.0167344
2015,CS,gydb,Female,2015-6-28,0,0,40.81207349,33.06459656,7.747476928,2.201439336,32.08438955,31.97396071
2015,CS,gym,Female,2015-6-28,2,0,42.97555668,35.10314114,7.874015748,2.307268648,32.40537211,32.41107019
2015,CS,gys,Female,2015-6-28,0,0,43.09560579,35.26405046,7.836516806,2.518838371,32.75039158,32.85021802
2015,CS,lbco,Female,2015-6-28,0,0,41.23902718,33.36292863,7.876318686,2.796007959,31.31545381,31.42745745
2015,CS,lbcs,Female,2015-6-28,0,0,44.02993396,35.2653628,8.76508763,2.3168614,32.88173525,32.55337186
2015,CS,lbdbf,Female,2015-6-28,0,0,42.93047583,34.4816654,8.452302938,2.202963339,32.02501058,31.9490348
2015,CS,lbdbo,Female,2015-6-28,2,0,40.00516891,32.47029041,7.540369147,2.370764542,32.59863898,32.6074655
2015,CS,lbdbp,Female,2015-7-17,0,1,41.74437812,34.0004826,7.748056896,2.609004318,32.31473626,31.22800356
2015,CS,lbdbu,Female,2015-6-28,0,0,41.30392854,34.17879096,7.125891118,2.416344933,32.40229447,31.80031115
2015,CS,lbdbu,Female,2015-6-28,0,0,41.30392854,34.17879096,7.125891118,2.416344933,32.40229447,31.80031115
2015,CS,lbfc,Female,2015-6-28,0,0,43.22329608,34.69332825,8.530183727,2.647193294,33.04811405,32.93059436
2015,CS,lbfp,Female,2015-6-28,1,1,40.95763272,34.39850563,6.579713826,2.374447549,33.2099801,33.65144992
2015,CS,lbfy,Female,2015-6-15,0,0,43.80194734,35.12051901,8.691994751,2.399411565,33.07289603,33.58528279
2015,CS,lbgc,Female,2015-6-28,0,0,42.10148167,33.93172043,8.170459741,2.561959191,33.57734527,33.53496529
2015,CS,lbglb,Female,2015-6-28,5,0,42.52392261,34.12076031,8.403208873,2.456798747,32.18612734,31.65705275
2015,CS,lbgr,Female,2015-6-28,0,0,43.58688087,35.77355008,7.815362797,2.645923292,32.56797265,32.46028914
2015,CS,lbgw,Female,2015-6-28,2,0,41.6145246,33.84748116,7.768901871,2.564317162,32.399238,32.67628059
2015,CS,lblbp,Female,2015-6-28,1,0,42.58713487,34.48945051,8.107539582,2.624756583,33.49661756,33.37266955
2015,CS,lbmf,Female,2015-6-28,0,0,42.34664719,34.32690712,8.022212344,2.540796715,32.35518584,32.30725595
2015,CS,lbmlb,Female,2015-6-28,0,0,44.19633816,35.75119804,8.445753958,2.434539836,34.39814156,34.46932944
2015,CS,lbmm,Female,2015-6-28,1,0,43.68924308,35.62433325,8.06496063,2.730585895,26.84432944,32.47953391
2015,CS,lbof,Female,2015-6-28,0,0,42.75708661,34.5655533,8.197667429,2.62680552,32.62084286,32.66180679
2015,CS,lbom,Female,2015-6-28,2,0,42.47637372,34.32220811,8.154567776,2.518838371,32.74595081,33.23257345
2015,CS,lbop,Female,2015-6-28,0,0,43.42156041,35.04381932,8.382258065,2.802010837,29.81557446,29.84822623
2015,CS,lbos,Female,2015-6-24,0,0,43.01079925,34.77696215,8.234827703,2.477952756,33.09971637,33.15876302
2015,CS,lbpc,Female,2015-6-15,0,0,41.45771738,33.42467192,8.0333164,2.706858014,33.0091927,32.88879434
2015,CS,lbpm,Female,2015-6-15,0,0,44.34430192,35.87762679,8.4666836,1.929074591,33.29286894,33.27799297
2015,CS,lbpo,Female,2015-6-15,0,0,41.68632631,33.6855008,8.008178816,2.529578359,31.83940606,31.64084963
2015,CS,lbpp,Female,2015-6-15,0,0,41.80973669,34.06483786,7.747129794,2.415324697,32.92508467,32.52435865
2015,CS,lbrr,Female,2015-6-15,0,0,41.67193294,34.25723901,7.415146897,2.323520447,32.53034671,32.46994751
2015,CS,lbsdb,Female,2015-6-15,0,0,42.32726272,34.19586403,8.171035475,2.859465752,31.84602278,31.70819998
2015,CS,lbuc,Female,2015-6-28,0,0,40.87159428,34.41372449,6.502349505,2.105317077,32.85778723,33.02815172
2015,CS,lbuf,Female,2015-6-15,0,0,45.14152485,36.28408687,8.858843451,2.711404623,33.34701761,33.31909449
2015,CS,lbuo,Female,2015-6-15,0,0,41.79049191,33.30427568,8.488798578,2.413838794,33.33382228,33.00004657
2015,CS,lbus,Female,2015-6-15,0,0,42.38019643,34.31128609,8.107374481,2.476864787,31.60414867,31.21642113
2015,CS,lbvo,Female,2015-6-15,0,0,41.44055541,33.43128863,8.022212344,2.519638473,31.96221531,31.97293201
2015,CS,lbyg,Female,2015-6-15,0,0,43.18573364,34.79053001,8.407687749,2.518927271,33.5662899,33.41346838
2015,CS,lbylb,Female,2015-6-15,0,0,44.25738295,35.47152654,8.828143256,2.904779443,34.28988443,34.34283084
2015,CS,mcc,Female,2015-6-15,0,0,43.07258911,34.68439167,8.403183473,2.413004826,33.53990983,33.35784438
2015,CS,mcf,Female,2015-6-15,0,0,42.93485734,35.15792905,7.811921091,2.375298451,32.59478241,32.66516595
2015,CS,mcy,Female,2015-6-28,0,0,41.47603929,33.30300991,8.17309288,2.4999111,33.02409618,33.07394166
2015,CS,mdbu,Female,2015-6-28,0,0,41.71958344,33.44340869,8.276208619,2.878748624,31.39649903,31.41175387
2015,CS,mgo,Female,2015-6-28,0,0,44.5350182,36.08968758,8.453259673,2.605655745,33.24594869,32.50224579
2015,CS,mlbf,Female,2015-6-28,0,0,41.32296588,33.78690204,7.536093472,2.626035052,32.34050885,32.20987427
2015,CS,mlbw,Female,2015-6-28,0,0,43.15589281,34.47383795,8.682711032,2.225023283,32.20753747,32.10865083
2015,CS,mlby,Female,2015-6-28,0,0,42.8839895,34.57860892,8.320696808,2.422271611,31.98905893,31.85535941
2015,CS,mms,Female,2015-6-28,0,0,41.34120735,33.8675345,7.475476251,2.563356193,32.51818644,32.43846203
2015,CS,mmu,Female,2015-6-28,0,0,41.30408094,33.68687664,7.620133774,2.243671154,31.91181949,31.65132927
2015,CS,mplb,Female,2015-6-15,8,0,42.42138684,33.99637203,8.425014817,2.625438151,32.65136737,32.63413978
2015,CS,mpy,Female,2015-6-15,0,0,41.38746084,33.78655067,7.602413005,2.394179155,33.14187833,33.07383583
2015,CS,myf,Female,2015-7-3,0,0,44.53688934,35.97733469,8.572622979,2.162738125,33.10478368,33.00550546
2015,CS,myr,Female,2015-7-3,0,1,45.57351621,36.53373973,9.046211159,2.71008382,34.44624714,34.47502752
2015,CS,odbf,Female,2015-7-3,0,1,43.51872407,35.53043773,8.062153924,2.318889171,32.83711371,32.64555076
2015,CS,odby,Female,2015-7-3,0,1,43.29300229,35.21369909,8.087926509,2.739022945,32.30512234,32.42907882
2015,CS,ofg,Female,2015-7-3,0,1,42.46844044,34.44531792,8.023186013,2.41309796,32.2523114,31.65316442
2015,CS,ofu,Female,2015-7-2,20,0,42.16665397,34.10304377,8.064545762,2.689505546,32.85502074,32.55621243
2015,CS,ofy,Female,2015-7-18,0,0,41.85891542,33.82114978,8.043793921,2.816446533,31.69829396,31.58466472
2015,CS,ogc,Female,2015-7-18,0,1,39.81292016,32.46623487,7.347896029,2.41337736,29.06890187,29.44032046
2015,CS,ogs,Female,2015-7-18,0,1,42.69428076,35.05462704,7.642236051,2.647955296,33.05325756,33.10117475
2015,CS,ogu,Female,2015-7-18,0,0,44.5004572,36.25206587,8.255452544,2.689505546,33.70812167,33.70762425
2015,CS,olbf,Female,2015-6-12,0,0,42.88603844,34.76892304,8.129006858,3.196173059,32.68662899,32.60903818
2015,CS,olbg,Female,2015-6-12,0,0,42.25261621,33.4324274,8.830171027,2.603589874,32.23473457,32.06126281
2015,CS,olby,Female,2015-6-12,0,0,42.06405046,33.42417238,8.642655152,2.709668953,32.16195072,32.08202946
2015,CS,omr,Female,2015-6-12,1,0,43.51737787,35.0686902,8.448725764,2.646177292,33.46849547,33.03182626
2015,CS,oop,Female,2015-6-12,0,0,41.14947507,33.27412581,7.884277369,2.498031496,31.19271442,31.0936267
2015,CS,orc,Female,2015-6-4,0,0,41.34031835,32.64238845,8.725950385,2.942248751,31.87251503,31.86791762
2015,CS,org,Female,2015-6-4,0,0,41.34196935,32.76907967,8.572936246,2.438675811,29.73906528,29.4976251
2015,CS,oro,Female,2015-7-18,0,0,41.59711286,34.06013462,7.537249174,2.836656507,31.87868724,32.2236157
2015,CS,osc,Female,2015-6-4,1,0,43.94339175,34.60798408,9.336055372,2.752976039,33.57677377,33.42098468
2015,CS,osm,Female,2015-7-18,0,1,42.24375582,34.13042926,8.113919228,2.902620439,33.90940649,33.77063119
2015,CS,osr,Female,2015-6-4,0,0,41.69350605,33.60567691,8.087926509,2.540356447,32.06069977,31.77236051
2015,CS,osv,Female,2015-6-4,0,0,42.92608585,33.80347134,9.123736347,2.652688172,34.14222123,33.89335577
2015,CS,ovg,Female,2015-7-10,0,1,43.24609263,35.01137499,8.234827703,2.413838794,33.44873846,33.1809161
2015,CS,oyy,Female,2015-7-16,0,0,43.47770299,35.3312463,8.149428499,2.604279909,32.70193464,32.7729553
2015,CS,pdbp,Female,2015-7-2,0,0,44.1352722,36.0514351,8.086127339,2.58658454,33.54184447,32.92846287
2015,CS,pdbw,Female,2015-7-10,0,0,44.3665566,35.60967742,8.772241978,2.286004572,34.54776691,34.34735416
2015,CS,pgw,Female,2015-7-2,0,1,43.72895182,35.28894251,8.445542291,2.462716959,33.16215816,33.22310558
2015,CS,plbg,Female,2015-7-2,0,1,40.09010245,32.27967573,7.810515621,2.879370925,31.8156168,31.70274744
2015,CS,plbp,Female,2015-7-2,0,0,42.60911015,34.99000931,7.620751842,2.69350182,30.64686098,30.57541804
2015,CS,plbp,Female,2015-7-2,0,0,40.83198713,33.40160867,7.430992295,2.349602066,30.64686098,30.57541804
2015,CS,pmr,Female,2015-7-2,0,0,41.99955127,34.04557192,7.960481754,2.352933706,31.23023876,31.07424647
2015,CS,poc,Female,2015-7-2,0,1,42.25681568,33.99521632,8.270633308,2.859465752,30.78977013,31.36320591
2015,CS,poy,Female,2015-7-2,0,0,43.932402,35.53413767,8.404461942,2.921695877,34.22957836,34.71041825
2015,CS,prdb,Female,2015-7-16,1,1,41.9829989,34.27737279,7.705727711,2.901769537,31.82626577,31.85695538
2015,CS,prlb,Female,2015-7-16,0,1,41.59743036,34.10169757,7.497320295,2.730505461,31.64525866,31.268106
2015,CS,prw,Female,2015-7-16,9,0,42.56848277,34.78793498,7.789378545,2.625438151,32.00146897,31.98354077
2015,CS,psv,Female,2015-7-2,0,0,42.74765896,34.85647278,7.895296757,2.307171281,32.54350394,32.07245364
2015,CS,pwf,Female,2015-7-16,0,0,43.66807637,35.44219795,8.248230463,2.562568792,33.17435442,32.94978833
2015,CS,pyf,Female,2015-6-12,0,0,40.79141055,34.11598933,6.711281856,2.31337736,32.02127889,31.93623952
2015,CS,pylb,Female,2015-7-16,0,0,41.21250106,33.80356024,7.409436119,2.519193972,31.85275167,31.23805563
2015,CS,rcc,Female,2015-6-12,0,0,39.71057489,31.37548895,8.343548387,2.713385827,31.89912793,31.86888494
2015,CS,rgp,Female,2015-7-2,0,1,40.57658539,32.87223351,7.705727711,2.289530946,30.29376005,30.43216916
2015,CS,rgy,Female,2015-7-16,0,1,43.07429938,34.68192786,8.454635509,2.67002794,32.11518288,32.00532131
2015,CS,rlbdb,Female,2015-7-16,0,1,42.82025654,34.56524426,8.25501651,2.610464821,32.1565257,32.04865591
2015,CS,rlbf,Female,2015-7-16,0,0,42.40105834,34.62883752,7.784776903,2.435644738,33.05414232,32.71867115
2015,CS,rlbw,Female,2015-7-10,0,0,43.90600711,35.67274575,8.233959868,2.479760393,33.91427271,33.9598785
2015,CS,rmr,Female,2015-7-10,0,0,42.54597409,34.71392346,7.832139531,2.334489036,31.96610575,31.59341292
2015,CS,ryv,Female,2015-7-1,0,1,43.09541952,35.45429261,7.641444416,2.603848108,33.90705698,33.88605114
2015,CS,scdb,Female,2015-6-11,0,0,43.22708492,34.66671323,8.584031835,2.857818982,32.89020616,32.83602362
2015,CS,scw,Female,2015-6-11,0,0,41.8988062,33.40836932,8.490487681,2.646177292,33.40429896,33.35679875
2015,CS,sdbf,Female,2015-6-11,0,0,39.01474473,33.02252138,6.047049361,2.796007959,32.94832783,32.85181399
2015,CS,sdbu,Female,2015-6-11,0,0,41.74088985,32.7976632,8.954144442,3.261391923,33.57531115,33.68009483
2015,CS,sdbu,Female,2015-6-11,0,0,41.74088985,32.7976632,8.954144442,3.261391923,33.57531115,33.68009483
2015,CS,sdbw,Female,2015-6-11,0,0,41.87034121,33.65800102,8.212708492,2.391838117,32.80119804,32.66218991
2015,CS,sdby,Female,2015-6-11,0,0,42.30180764,33.8479553,8.46342816,2.662382525,32.84695834,33.19425959
2015,CS,sfo,Female,2015-7-14,0,0,40.93799848,32.92164508,8.029328592,2.286885107,31.43443189,31.57836339
2015,CS,sfr,Female,2015-7-14,0,0,43.47644145,35.34856066,8.128266023,2.88644484,32.9755588,32.89252604
2015,CS,sgf,Female,2015-7-1,0,1,42.20947422,34.33500974,7.874472949,2.434539836,32.06834307,32.36381128
2015,CS,sgg,Female,2015-6-26,0,0,42.19374735,34.33681314,7.85843705,2.624671916,31.92742994,31.8765875
2015,CS,sgu,Female,2015-7-1,0,1,41.6356913,34.07842689,7.562323258,2.232562865,31.34472102,30.95367031
2015,CS,sgw,Female,2015-7-1,0,1,43.1975362,35.17080264,8.026898654,2.375298451,33.4767526,33.36570358
2015,CS,smm,Female,2015-7-15,0,1,40.53864194,33.23818474,7.303005673,2.543180086,30.3521209,30.51870925
2015,CS,smr,Female,2015-6-11,1,0,42.36943951,34.98920921,7.485746338,2.780907628,33.63366353,33.78714969
2015,CS,smv,Female,2015-6-11,0,0,42.82113708,34.30104987,8.550749301,3.031572263,32.58014774,32.7740729
2015,CS,smw,Female,2015-6-11,0,0,42.14345102,34.09962747,8.044712556,2.54000508,33.02441792,32.93649987
2015,CS,smw,Female,2015-6-11,0,0,42.14345102,34.09962747,8.044712556,2.54000508,33.02441792,32.93649987
2015,CS,solb,Female,2015-7-15,0,1,42.59070781,34.69508509,7.895635425,2.645923292,32.49592329,32.35502921
2015,CS,sov,Female,2015-7-15,0,0,41.97363051,34.01619253,7.962086191,2.415324697,31.11453518,31.25585471
2015,CS,sow,Female,2015-7-15,0,0,43.18110236,35.47967149,7.708868851,2.68825671,31.86872407,32.03903141
2015,CS,spf,Female,2015-6-26,0,0,42.02978156,34.27884176,7.751176869,2.921082042,31.48041233,31.58809584
2015,CS,spg,Female,2015-6-26,0,0,41.72110744,33.92215308,7.811921091,2.458619084,33.04979045,32.89438236
2015,CS,splb,Female,2015-6-26,0,0,42.52716959,34.52668699,8.006781814,2.447388028,31.92651554,32.07961434
2015,CS,spm,Female,2015-6-26,0,0,41.95267971,33.44345949,8.509440352,2.518927271,31.66265558,31.30172509
2015,CS,spo,Female,2015-6-26,11,0,42.74095335,34.10629498,8.636017272,2.328723224,32.73146008,32.3845356
2015,CS,spv,Female,2015-6-26,0,0,40.0989332,34.23845991,5.864135128,2.138781644,33.09528829,33.62163873
2015,CS,src,Female,2015-7-11,0,1,41.99647786,34.82088308,7.175637118,2.775747185,32.23551562,32.13735077
2015,CS,srdb,Female,2015-7-11,0,1,41.96374143,34.25607908,7.728748624,2.518927271,31.90507366,31.59724409
2015,CS,srg,Female,2015-7-11,0,1,41.30497841,34.08335027,7.23978918,2.527715689,32.09157565,32.05908898
2015,CS,sry,Female,2015-6-26,0,0,42.7355897,34.90498688,7.835801372,1.968618237,33.33272585,33.17592287
2015,CS,sry,Female,2015-6-26,0,0,42.61187029,34.52604352,8.085932605,2.900533401,33.33272585,33.17592287
2015,CS,ssr,Female,2015-6-26,0,0,43.56182796,34.48431124,9.084069935,2.691169249,32.48333757,31.94475277
2015,CS,suf,Female,2015-6-26,0,0,42.66680213,33.37830836,9.292210651,2.455702311,31.31309584,30.5393722
2015,CS,sur,Female,2015-6-26,2,1,42.20675641,33.8673948,8.33978918,2.778003556,33.05567056,32.74381932
2015,CS,sur,Female,2015-6-26,2,1,42.20675641,33.8673948,8.33978918,2.778003556,33.05567056,32.74381932
2015,CS,swm,Female,2015-6-26,2,0,40.50812802,32.48785878,8.043459487,1.926170519,30.85086784,30.80541021
2015,CS,svp,Female,2015-6-26,0,0,42.49476759,34.05251884,8.445516891,1.802281771,31.36550885,31.40251672
2015,CS,swr,Female,2015-7-15,0,0,42.56777157,34.31126069,8.26480823,2.522038777,32.82994031,33.15014182
2015,CS,svs,Female,2015-6-26,0,0,42.29069088,34.22808822,8.085712471,2.119316739,32.41801922,32.28777199
2015,CS,svw,Female,2015-6-25,0,0,41.55975785,33.40881805,8.150944035,2.585458471,33.14914063,33.11449073
2015,CS,syg,Female,2015-6-26,0,0,42.66062992,34.10085514,8.573355347,1.958805351,33.16191474,33.49279062
2015,CS,syg,Female,2015-6-26,0,0,42.66062992,34.10085514,8.573355347,1.958805351,33.16191474,33.49279062
2015,CS,syp,Female,2015-7-11,0,1,42.71530353,34.78525104,7.952429938,2.772838879,32.20749725,32.05189442
2015,CS,syu,Female,2015-7-14,0,1,41.19152908,33.65867412,7.535615105,2.861345356,32.96705613,32.90305224
2015,CS,uclb,Female,2015-7-14,8,0,42.35562188,34.58806198,7.768296503,2.438675811,32.61172636,32.51301753
2015,CS,ucm,Female,2015-7-11,0,1,44.35070273,36.1672424,8.212793159,2.774130048,33.41285878,33.4690331
2015,CS,ucw,Female,2015-6-26,0,0,43.8162391,35.00976209,8.809647786,2.645838625,32.46138769,32.29565659
2015,CS,udbg,Female,2015-6-26,0,0,42.4502032,34.14699856,8.31983744,2.392210651,31.31954746,31.33446787
2015,CS,ufc,Female,2015-6-26,2,0,42.82113708,34.92571332,7.895436458,2.667339768,32.63532935,32.69204978
2015,CS,ufc,Female,2015-6-26,2,0,42.41961307,34.87084921,7.569579206,2.074769283,32.63532935,32.69204978
2015,CS,ufs,Female,2015-6-25,0,0,43.47654729,35.45530438,8.023969181,2.837600542,33.79170265,33.66797054
2015,CS,ufw,Female,2015-6-25,0,1,42.77834222,34.6353611,8.163711794,2.394179155,32.84077555,32.67834857
2015,CS,ugf,Female,2015-6-26,0,0,45.215185,36.17406231,9.060464821,2.773160613,33.36750275,33.10516256
2015,CS,ugf,Female,2015-6-26,0,0,45.06464313,36.20087207,8.912192024,2.017953603,33.36750275,33.10516256
2015,CS,ugp,Female,2015-6-25,0,0,43.11775464,34.80736601,8.332749132,3.132744899,32.20125942,32.01015367
2015,CS,ugr,Female,2015-6-25,0,1,42.04324359,34.39877233,7.646134959,2.716027432,34.44501947,34.08522564
2015,CS,ugs,Female,2015-6-25,0,0,41.3826687,33.9978537,7.388667344,2.583727034,32.19371137,32.24147828
2015,CS,ugw,Female,2015-7-11,15,1,42.22771569,34.3325671,7.895182457,3.346748793,32.12020574,32.21981204
2015,CS,ugy,Female,2015-7-11,0,1,41.5509017,33.86715773,7.683777834,2.500897468,31.56987554,31.59615613
2015,CS,ulbf,Female,2015-6-25,3,0,42.01591737,34.03705021,7.980552028,2.667763102,31.94586826,31.92003852
2015,CS,ulblb,Female,2015-6-25,3,0,42.2311701,33.62393531,8.620701041,2.562568792,32.50212302,32.53609771
2015,CS,ulbw,Female,2015-6-25,1,0,41.65729405,32.9989586,8.660909322,2.456159512,32.13344552,31.86728685
2015,CS,ulby,Female,2015-6-25,3,0,43.20561341,35.28652951,7.921128609,2.709668953,33.21906697,33.37704682
2015,CS,umc,Female,2015-6-26,0,0,42.44309965,34.27018457,8.17498095,2.688921345,32.72922699,32.72868936
2015,CS,umr,Female,2015-6-25,0,0,41.57150114,34.84204978,6.735805605,2.583727034,32.75762213,32.62823216
2015,CS,umw,Female,2015-6-25,0,1,42.06809754,34.38735077,7.683545,2.604881043,33.26583905,32.81734823
2015,CS,umy,Female,2015-6-25,3,0,43.40788672,35.45338667,7.959131318,2.310663788,33.24414529,33.07823851
2015,CS,uoc,Female,2015-6-25,3,0,41.12806282,33.2022606,7.938900178,2.244568622,32.99717213,32.84837228
2015,CS,uor,Female,2015-7-11,0,1,42.37692405,35.49737956,6.880353061,2.526030819,32.74307849,32.33140081
2015,CS,upo,Female,2015-7-11,10,0,44.93979341,37.26504953,7.695169757,3.323444247,35.49080306,35.74714249
2015,CS,urg,Female,2015-6-25,0,0,41.74268902,32.98164423,8.763656761,2.373033613,31.3240983,31.34210905
2015,CS,urp,Female,2015-6-25,0,0,43.68859961,34.92876556,8.768025569,2.625438151,33.932402,33.6274257
2015,CS,uslb,Female,2015-7-14,0,1,42.82318601,34.79492846,8.02846499,2.541414783,32.30496359,32.36971467
2015,CS,uso,Female,2015-7-14,0,1,41.74334942,34.14426806,7.599115232,2.286885107,32.53879646,32.65250191
2015,CS,usv,Female,2015-7-15,0,0,41.34097028,33.82631445,7.514660063,2.201439336,31.31480611,31.03123995
2015,CS,uuo,Female,2015-7-14,0,1,42.05979172,34.31335196,7.747045127,2.245267124,32.05229659,31.78429219
2015,CS,uus,Female,2015-7-1,0,0,42.93810854,34.47315638,8.466789434,2.053170773,33.05341207,33.05257599
2015,CS,uwp,Female,2015-6-25,3,0,42.3982728,33.97310135,8.425654051,2.478765558,32.91292439,32.80665905
2015,CS,uwr,Female,2015-7-15,0,0,42.54513166,34.31165439,8.234531369,2.470709508,32.12592075,32.17051901
2015,CS,uvs,Female,2015-7-15,0,0,43.29155448,35.01946914,8.277156888,2.646177292,31.9191601,32.13343282
2015,CS,uww,Female,2015-7-1,0,1,41.42390568,33.52977733,7.895893658,2.518927271,32.61073364,32.65427356
2015,CS,uvy,Female,2015-7-1,0,1,43.75343747,35.1163407,8.637676742,2.497671662,34.1564368,34.250254
2015,CS,uwy,Female,2015-7-11,0,0,42.69459402,34.45992719,8.235183304,2.582423165,31.4663407,31.20511176
2015,CS,uym,Female,2015-7-14,0,0,42.95926679,34.83730421,8.128706291,2.455431378,32.75987639,32.54247735
2015,CS,vdbf,Female,2015-7-14,0,1,41.76192109,33.67624249,8.085682838,2.264837863,31.42887351,31.37150749
2015,CS,vfg,Female,2015-7-14,0,1,44.87791466,36.36455846,8.525455084,2.26493523,33.77733045,33.80005715
2015,CS,vfr,Female,2015-6-25,6,1,41.48780798,34.16454576,7.323710947,2.667005334,32.25755017,32.06878334
2015,CS,wfu,Female,2015-7-7,0,1,42.82051901,35.09699433,7.726111252,2.628850224,32.77037296,32.71954746
2015,CS,vgg,Female,2015-6-29,1,0,42.76749217,34.51380916,8.276428753,3.543954788,32.18734866,32.47803319
2015,CS,wlbdb,Female,2015-7-7,0,1,42.48310897,34.62926086,7.854673609,2.43500127,32.35834815,32.30378037
2015,CS,wlblb,Female,2015-7-7,0,1,42.33532724,34.37526458,7.980721361,2.563356193,33.57235204,33.31010922
2015,CS,vlbv,Female,2015-7-23,0,0,43.13173313,35.71827534,7.414270595,2.603848108,32.98694861,33.22461477
2015,CS,wmp,Female,2015-7-23,0,1,44.02700449,35.98669884,8.050474134,3.00686648,33.54061256,33.50723266
2015,CS,wog,Female,2015-7-23,0,0,43.62984506,35.41332656,8.220561341,2.96522733,32.71939717,32.91274236
2015,CS,vom,Female,2015-7-23,0,1,42.76115909,34.92692405,7.835801372,2.774130048,33.11926806,33.06737575
2015,CS,woo,Female,2015-6-29,0,0,41.95381424,34.15197697,7.810972822,2.625014817,32.90260774,32.93767674
2015,CS,wop,Female,2015-6-29,0,0,41.08463297,33.10473288,7.980103294,2.194915756,29.96166921,29.69924858
2015,CS,wor,Female,2015-6-29,0,0,42.29914063,34.33681314,7.963436627,2.815489798,31.91388748,32.15646643
2015,CS,vov,Female,2015-6-29,0,0,39.97171281,32.45960969,7.514181695,3.02024384,31.57156464,31.51489501
2015,CS,vow,Female,2015-6-29,0,0,41.09611803,33.36256033,7.753517907,2.522038777,31.60934934,31.41020024
2015,CS,voy,Female,2015-6-29,1,0,42.83494624,34.87893912,7.958712217,3.24189315,32.65263314,32.83235331
2015,CS,wplb,Female,2015-6-29,0,0,42.13612734,34.0647278,8.091109982,2.521060875,32.75046355,32.71231267
2015,CS,wpw,Female,2015-7-23,0,0,43.05633731,35.25782745,7.827017187,2.521060875,33.77534078,34.03042291
2015,CS,vpy,Female,2015-7-23,0,1,43.16166709,35.03873508,8.131982897,2.584505969,32.46344298,32.67805012
2015,CS,wrdb,Female,2015-6-29,0,0,42.70585048,34.40059267,8.323791381,3.454326475,32.73445094,32.76489501
2015,CS,wry,Female,2015-6-29,3,1,43.08005249,35.76481246,7.360964355,2.921082042,33.81911142,33.85760943
2015,CS,vsc,Female,2015-6-29,0,0,43.14502582,34.71395309,8.431153162,2.799132165,33.68660147,33.94441411
2015,CS,wsr,Female,2015-6-29,0,0,44.18970451,35.28025569,8.911408856,2.688506477,32.60469054,32.46238041
2015,CS,wuc,Female,2015-6-29,0,0,42.635831,34.84395902,7.792223351,2.794327322,32.5490856,32.56479553
2015,CS,wuf,Female,2015-7-4,0,1,41.43469224,33.56798324,7.875408517,3.310206587,31.62817077,31.7083164
2015,CS,wuo,Female,2015-6-29,0,0,42.12984083,34.04999153,8.087041741,3.154478876,33.40636483,33.57247481
2015,CS,wus,Female,2015-7-23,0,1,41.64352299,34.89573702,6.753009906,2.921082042,32.75729616,32.48272162
2015,CS,wuv,Female,2015-7-23,0,1,40.80943612,32.80842435,8.001464736,2.67002794,31.4438426,31.22900686
2015,CS,vvdb,Female,2015-7-7,0,1,44.32511218,36.02932013,8.297781729,2.518927271,33.51286936,34.08998815
2015,CS,vvf,Female,2015-7-7,0,0,41.59956397,33.94481416,7.665883498,2.518927271,31.73063669,31.6510033
2015,CS,vvlb,Female,2015-7-7,0,1,42.66982474,34.71547286,7.958682584,2.71008382,32.69687368,32.8166201
2015,CS,vvlb,Female,2015-7-7,0,1,42.66982474,34.71547286,7.958682584,2.71008382,32.69687368,32.8166201
2015,CS,wvp,Female,2015-7-23,0,1,43.55905935,35.72861316,7.832139531,2.7334561,32.71134747,32.91160147
2015,CS,wwp,Female,2015-7-4,0,1,44.24498349,35.27243248,8.974710016,2.963639827,33.19632334,33.62014224
2015,CS,wvs,Female,2015-6-29,0,0,42.80513504,34.65875032,8.149428499,2.376712387,32.08658031,32.3485014
2015,CS,vvy,Female,2015-7-4,0,1,42.7992761,34.52436288,8.27837609,2.815887732,34.69142113,34.88785878
2015,CS,vyp,Female,2015-7-7,0,0,42.27547202,34.29566506,7.981225129,2.181813564,32.18761536,31.94088138
2015,CS,ydbp,Female,2015-7-22,0,1,41.04244348,33.08389637,7.958712217,2.627741089,32.1413026,32.44108882
2015,CS,ymc,Female,2015-6-13,0,0,42.97675895,34.75831428,8.223588181,2.794725256,37.04404369,37.22234358
2015,CS,yoo,Female,2015-7-6,0,1,41.53648294,34.10582084,7.452154771,2.095504191,31.51246931,31.45926467